레시피 코드,재료명,재료용량,재료타입명
195453,계란,5개,주재료
195453,전분,1/2T,주재료
195453,부침가루,1/2T,주재료
195453,소금,2t,주재료
195453,후추,1/2t,주재료
195453,참기름,1T,주재료
195453,밀가루,2CUP,주재료
195453,배추,2잎,주재료
195453,호박,1/2개,주재료
195453,대파,1대,주재료
195453,다짐육,200g,주재료
195453,콩비지,300g,주재료
195453,다진마늘,1T,주재료
195428,통깨,0.5T,양념
195428,마요네즈,1T,양념
195428,설탕,0.5T,양념
195428,식초,0.5T,양념
195428,두부,2.5T,양념
195428,소금,약간,주재료
195428,참기름,약간,주재료
195428,통깨,약간,주재료
195428,김밥용김,2장,주재료
195428,어린잎채소,약간,주재료
195428,가지,1/2개,주재료
195428,당근,1/2개,주재료
195428,밥,3공기,주재료
195428,오이,1/2개,주재료
180363,설탕,1+1/2T,양념
180363,통깨,약간,양념
180363,식초,2T,양념
180363,고추장,2T,양념
180363,소금,약간,주재료
180363,쪽파,15대,주재료
180363,중새우,15마리,주재료
180344,양파,1/8개,주재료
180344,방울토마토,15알,주재료
180344,밥,1공기,주재료
180344,물,280ml,부재료
180344,셀러리,1대,주재료
180344,후추,약간,주재료
180344,햄,50g,주재료
180344,달걀,2개,주재료
180344,카레가루,3T,부재료
180330,식빵,5쪽,주재료
180330,마요네즈,1T,주재료
180330,꿀,1/2T,주재료
180330,달걀노른자,1개,주재료
180330,우유,1cup,주재료
180330,고구마,2개(大),주재료
180330,소금,약간,주재료
180330,건블루베리,1/2T,주재료
120476,후추,약간,양념
120476,다진마늘,1/2T,부재료
120476,들기름,1T,양념
120476,통깨,약간,양념
120476,소금,3t,양념
120476,버섯,4개,부재료
120476,두부,1/2모,부재료
120476,당면,한줌,부재료
120476,당근,1/6개,부재료
120476,다짐육(소고기),100g,부재료
120476,다짐육(돼지고기),100g,부재료
120476,다진생강,2t,부재료
120476,간장,1T,양념
120476,달걀,1개,부재료
120476,미나리,10줄기,주재료
120476,배추잎,10장,주재료
120463,부침가루,6T,주재료
120463,양파,1/3개,주재료
120463,감자,2개,주재료
120463,당근채,약간,주재료
120463,당근잎,약간,주재료
120463,소금,약간,주재료
120441,고춧가루,2T,양념
120441,들기름,1T,양념
120441,설탕,1/2T,양념
120441,다진마늘,2T,양념
120441,무,1/3개,주재료
120441,양파,1/2개,주재료
120441,단호박,1개,주재료
120441,간장,1T,양념
120441,된장,1T,부재료
120441,고추장,1T,부재료
120441,쌀뜨물,4컵,주재료
120441,고등어,2마리,주재료
120441,청양고추,2개,주재료
120441,홍고추,1개,주재료
120419,매실액,3T,양념
120419,통깨,약간,양념
120419,참기름,2T,양념
120419,고추,1개,양념
120419,라이스페이퍼,10장,주재료
120419,연어살,200g,주재료
120419,무채,50g,주재료
120419,고사리,50g,주재료
120419,도라지,50g,주재료
120419,콩나물,50g,주재료
120419,시금치,50g,주재료
120401,애호박,1개,주재료
120401,어린잎채소,100g,주재료
120401,부침유,약간,주재료
120401,간장,2T,양념
120401,맛술,2T,양념
120401,통깨,약간,양념
120401,다진마늘,0.5T,양념
120401,식초,0.5T,양념
120401,청양고추,1개,양념
120401,대파,1/2대,양념
120401,참기름,약간,양념
120401,올리브유,1T,양념
120379,양파,1/2개,주재료
120379,단무지,50g,주재료
120379,아몬드,16알,주재료
120379,견과류,약간,주재료
120379,마요네즈,1T,양념
120379,꿀,1T,양념
120379,허브솔트,약간,양념
120379,소금,2t,양념
120379,머드터드,0.5T,양념
120379,식초,1T,양념
120379,황설탕,0.5T,양념
120379,백오이,2개,주재료
120379,참치캔,1캔(100g),주재료
120379,삶은계란,1개,주재료
120360,아몬드,2알,양념
120360,다진고추,1T,양념
120360,매실액,1T,양념
120360,굴소스,2T,양념
120360,다진식파,약간,주재료
120360,에멘탈 치즈가루,1컵,주재료
120360,두부,1/2모,주재료
120360,가지,1개,주재료
120360,굴소스,1T,주재료
120344,설탕,1T,양념
120344,통깨,1/2T,양념
120344,다진마늘,1T,양념
120344,고춧가루,1T,양념
120344,간장,1/2T,양념
120344,까나리액젓,1T,양념
120344,쪽파,1/2대,양념
120344,깻잎,30장,주재료
120344,홍고추,1개,양념
91023,설탕,1컵,양념
91023,물,1컵,양념
91023,간장,1.5컵,양념
91023,식초,1컵,양념
91023,고추,180g (약2줌),주재료
91010,탄산수,700ml,주재료
91010,얼음,20큐브,주재료
91010,설탕,1T,주재료
91010,허브(민트),한줌,주재료
91010,라임,2개,주재료
90997,슬라이스치즈,3장,주재료
90997,마요네스,4T,양념
90997,슬라이스햄,3장,주재료
90997,모닝빵,6개,주재료
90997,토마토,2개,주재료
90997,어린잎채소,2줌,주재료
90997,허니머스타드,2T,양념
90980,설탕,1t,양념
90980,통깨,조금,양념
90980,식초,3T,양념
90980,된장,1t,양념
90980,고춧가루,2.5T,양념
90980,대파,1/2대,주재료
90980,청고추,1개,주재료
90980,홍고추,1개,주재료
90980,양파,1/2개,주재료
90980,둥근호박,1/3개,주재료
90960,통깨,조금,양념
90960,양파,조금,양념
90960,쪽파,2대,양념
90960,다진마늘,1T,양념
90960,풋고추,1개,양념
90960,소금,조금,양념
90960,쌈장,1T,양념
90960,밥,2인분,주재료
90960,호박잎,20장,주재료
90960,가지,1개,주재료
90960,간장,2T,양념
90941,와사비,약간,양념
90941,후추,약간,양념
90941,설탕,1.5T,양념
90941,식초,1.5T,양념
90941,고추장,3T,양념
90941,오징어,2마리,주재료
90941,양파,1개,주재료
90941,고추,4개,주재료
90941,당근,반개,주재료
90941,오이,1개,주재료
90941,쑥갓,약간,주재료
90941,치커리,약간,주재료
90941,상추,약간,주재료
90920,가지,2개,주재료
90920,올리브오일,약간,양념
90920,후추,약간,양념
90920,소금,약간,양념
90920,파마산치즈가루,2T,양념
90920,양파,1/2개,주재료
90920,토마토소스,200g,양념
90920,파슬리가루,약간,주재료
90920,피자치즈,1컵,주재료
90920,다진마늘,1/2T,주재료
90920,우유,4T,양념
90904,가지,2개,주재료
90904,양파,1/2개,주재료
90904,홍고추,1개,주재료
90904,청고추,1게,주재료
90904,대파,1/2단,주재료
90904,다진마늘,1T,양념
90904,고춧가루,2T,양념
90904,들기름,1/2T,양념
90904,간장,1T,양념
90904,소금,약간,양념
90904,후추,약간,양념
90894,소금,약간,주재료
90894,고구마잎,100g,주재료
90894,다진마늘,1/2T,주재료
90894,다진파,1T,주재료
90894,깨소금,1t,주재료
90894,참기름,1t,주재료
90881,후추,약간,양념
90881,허니머스타드,1T,양념
90881,소금,약간,양념
90881,마요네즈,1T,양념
90881,노각,1/2개,주재료
90881,닭가슴살,2쪽,주재료
90881,호박,1개,주재료
90868,다진마늘,1T,주재료
90868,방울토마토,6개,주재료
90868,미니새송이버섯,400g,주재료
90868,다진쪽파,약간,주재료
90868,바질,약간,주재료
90868,소금,1/4t,주재료
90868,올리브유,약간,주재료
90846,소금,2T,부재료
90846,물,10컵,부재료
90846,파뿌리,3개,부재료
90846,양파,1/2개,부재료
90846,밥,1T,부재료
90846,무,작은토막 1개,주재료
90846,깐밤,3개,주재료
90846,소금,1T,주재료
90846,오이,4개,주재료
90846,노란 파프리카,1/4개,주재료
90846,붉은 파프리카,1/4개,주재료
90846,생강,1개,부재료
90834,고추가루,1T,양념
90834,액젓,1T,양념
90834,매실액,1T,양념
90834,다진마늘,1t,양념
90834,돛나물,20g,주재료
90834,부추,20g,주재료
90834,오이,2개,주재료
90834,양파,소1/2,양념
90818,소금,조금,주재료
90818,사과,20g,주재료
90818,가지,1개,주재료
90818,소고기,100g,주재료
90818,무순,20g,주재료
90818,당근,20g,주재료
90818,버섯,20g,주재료
90818,버터,조금,주재료
90799,바질,50g,양념
90799,잣,1T,양념
90799,다진마늘,1/2T,양념
90799,올리브오일,4T,양념
90799,파마르산치즈,1T,양념
90799,"소금, 후추",약간,주재료
90799,다진마늘,1T,주재료
90799,화이트와인,1/2T,주재료
90799,새우,12마리,주재료
90799,스파게티면,200g,주재료
90799,"소금, 후추",약간,양념
90799,올리브오일,1T,주재료
73712,찹쌀가루,1T,주재료
73712,밀가루,200g,주재료
73712,들깨가루,1컵,주재료
73712,올리브유,1T,주재료
73712,소금,1.5t,주재료
73712,육수용 물,6컵,부재료
73712,육수용 무,1토막,부재료
73712,국물용 다시마,5*5cm 3조각,부재료
73712,국물용멸치,15마리,부재료
73712,육수용 대파,1/2개,부재료
73712,시금치,3뿌리,주재료
73699,슈레드 치즈(모짜렐라치즈),100g,주재료
73699,슬라이스치즈,1장,주재료
73699,전분,조금,주재료
73699,찐옥수수 알갱이,조금,주재료
73699,무지개고추,1개,주재료
73699,파프리카,1/3개,주재료
73699,단호박,작은거1개,주재료
73679,낙지,1마리,주재료
73679,절인 배추,1통,주재료
73679,고춧가루,1컵,양념
73679,감동젓,100g,양념
73679,다진마늘,1/2큰술,양념
73679,다진생각,1작은술,양념
73679,설탕,2큰술,양념
73679,소급,2큰술,양념
73679,생굴,1/2컵,주재료
73679,실파,100g,주재료
73679,미나리,100g,주재료
73679,밤,7개,주재료
73679,배,1개,주재료
73679,무,1개,주재료
73679,북어,1마리,주재료
62330,절인 배추,1포기,주재료
62330,생강,1톨,양념
62330,잣,1/2큰술,주재료
62330,대추,4개,주재료
62330,굴,100g,주재료
62330,낙지다리,100g,주재료
62330,밤,4개,주재료
62330,배,1/2개,주재료
62330,미나리,50g,주재료
62330,실파,30g,주재료
62330,갓,80g,주재료
62330,소금,1큰술,양념
62330,새우젓,1/2컵,양념
62330,고춧가루,1컵,양념
62330,마늘,6쪽,양념
62330,무,200g,주재료
39692,돼지갈비,1.2kg,주재료
39692,시래기,200g,주재료
39692,후추,약간,양념
39692,소금,1작은술,양념
39692,다진생강,1작은술,양념
39692,다진마늘,1큰술,양념
39692,다진양파,2큰술,양념
39692,다진파,3큰술,양념
39692,사과즙,3큰술,양념
39692,배즙,2큰술,양념
39692,청주,3큰술,양념
39692,간장,3큰술,양념
39692,다시마 우린 물,2컵,부재료
39692,고춧가루,5큰술,양념
39692,고추장,5큰술,양념
39665,양파,1/4개,부재료
39665,대파,1대,부재료
39665,참쌀,1컵(170g),부재료
39665,인삼,1뿌리,부재료
39665,땅콩,20알,부재료
39665,소금,약간,양념
39665,닭,1마리,주재료
39665,잣,3~5알,부재료
39665,통후추,5알,부재료
39665,대추,3개,부재료
39665,볶은 흑임자(검은깨),1/2컵(55g),부재료
5836,쇠고기(안심 또는 등심),300g,주재료
5836,소금,1/2큰술,양념
5836,양파,1개,부재료
5836,감자,1개,부재료
5836,당근,1/2개,부재료
5836,"홍피망, 청피망 각각",1/2개,부재료
5836,양송이버섯,5개,부재료
5836,"후추, 식용유",약간씩,양념
5836,칠리,3개,양념
5836,다진 마늘,1큰술,양념
5836,물,2.5컵,양념
5836,월계수 잎,2장,양념
5836,바질,1/2작은술,양념
5836,토마토페이스트,3큰술,양념
5836,토마토,5개,주재료
540,감자,2개,주재료
540,오이,1/3개,주재료
540,플레인요구르트,3큰술,주재료
540,맛살,2줄,주재료
540,양배추,1/6개,주재료
540,양파,1/4개,주재료
540,햄,1/3개,주재료
539,고구마,3개,주재료
539,녹색피망,1/4개,주재료
539,노랑/빨강 파프리카,1/4개씩,주재료
539,양파,1/4개,주재료
539,마요네즈,4큰술,주재료
539,당근,1/4개,주재료
539,브로코리 ,약간,주재료
538,단호박,1/4개,주재료
538,마요네즈,3큰술,주재료
538,사과,1/2개,주재료
538,오이,1/3개,주재료
538,달걀 ,1개,주재료
537,포도씨유,2-3T,주재료
537,볶은소금,1t,주재료
537,맛간장,1T,주재료
537,마늘,2통,주재료
537,새송이버섯,2-3개,주재료
537,깨소금, ,주재료
536,가지,2개,주재료
536,빨강파프리카·노랑 파프리카·청피망,1개씩,주재료
536,올리브유,적당량,주재료
536,굵은소금·후춧가루,약간씩,주재료
535,상추, ,주재료
535,양념장, ,주재료
534,양파,1/2개,주재료
534,도라지, ,주재료
534,오이,1개,주재료
533,소금약간,약간,주재료
533,브로코리,1송이,주재료
533,오징어,1마리,주재료
532,진밥,50g,주재료
532,두부,15g,주재료
532,적양배추,10g,주재료
532,아가용 치즈,6g,주재료
532,다시마국물,80g,주재료
531,표고버섯,10g,주재료
531,감자,10g,주재료
531,아기된장소스,2g,주재료
531,양파,3g,주재료
531,당근,2g,주재료
531,멥쌀,35g,주재료
531,찹쌀,5g,주재료
531,시금치,10g,주재료
530,진밥(멥쌀+찹쌀),30g+5g,주재료
530,당근,2g,주재료
530,닭가슴살,20g,주재료
530,가지,10g,주재료
530,애호박,7g,주재료
530,양파,3g,주재료
529,쇠고기,15g,주재료
529,브로코리,10g,주재료
529,감자,8g,주재료
529,느타리버섯,4g,주재료
529,양파,3g,주재료
529,당근,2g,주재료
529,찹쌀,5g,주재료
529,멥쌀,30g,주재료
528,흰살 생선,15g,주재료
528,양파,8g,주재료
528,치즈,5g,주재료
528,감자,3g,주재료
528,당근,2g,주재료
528,적당량의 물, ,주재료
528,멥쌀,20g,주재료
528,찹쌀,5g,주재료
527,고구마,15g,주재료
527,당근,10g,주재료
527,사과,10g,주재료
527,물,150ml,주재료
527,양파,3g,주재료
527,멥쌀,20g,주재료
527,찹쌀,5g,주재료
527,브로코리,5g,주재료
526,닭가슴살,20g,주재료
526,비트,5g,주재료
526,우유 적당량,적당량,주재료
526,양파,10g,주재료
526,대파 대, ,주재료
526,멥쌀,30g,주재료
525,불린 쌀,20g,주재료
525,닭가슴살,20g,주재료
525,청경채,10g,주재료
525,정수물 또는 닭육수,300ml정도,주재료
525,당근,3g,주재료
525,애호박,5g,주재료
525,양파,3g,주재료
524,멥쌀,25g,주재료
524,찹쌀,5g,주재료
524,양송이,10g,주재료
524,아가용치즈,5g,주재료
524,당근,8g,주재료
524,양파,3g,주재료
524,밤,10g,주재료
523,흑임자,15g,주재료
523,표고,4g,주재료
523,애호박,6g,주재료
523,찹쌀,5g,주재료
523,양파,3g,주재료
523,쌀,25g,주재료
523,당근,5g,주재료
522,쇠고기,20g,주재료
522,아욱,10g,주재료
522,감자,10g,주재료
522,느타리버섯,5g,주재료
522,육수 및 생수, ,주재료
522,당근,2g,주재료
522,멥쌀,25g,주재료
522,찹쌀,5g,주재료
522,양파,5g,주재료
521,불린 쌀,15g,주재료
521,불린 찹쌀,5g,주재료
521,물,120~130ml,주재료
521,당근,10g,주재료
521,쇠고기,10g,주재료
520,불린 쌀,10g,주재료
520,물,120ml,주재료
520,단호박,10g,주재료
520,불린 흑미,3g,주재료
519,불린 쌀,10g,주재료
519,불린 찹쌀,5g,주재료
519,생수,1/2컵,주재료
519,배,15g,주재료
519,밤,1개,주재료
518,불린 쌀,15g,주재료
518,당근,10g,주재료
518,양송이,8g,주재료
517,쇠고기육수,120ml,주재료
517,청경채,10g,주재료
517,쇠고기,15g,주재료
517,불린 멥쌀,15g,주재료
516,멥쌀,15g,주재료
516,찹쌀,10g,주재료
516,물(쇠고기육수),120ml,주재료
516,배,10g,주재료
516,시금치,10g,주재료
515,단호박,20g,주재료
515,브로코리,15g,주재료
515,생수, ,주재료
515,찹쌀,5g,주재료
515,불린 멥쌀,15g,주재료
514,불린 쌀,15g,주재료
514,정수물(쇠고기육수),120ml,주재료
514,애호박,10g,주재료
514,쇠고기,10g,주재료
513,불린 쌀,15g,주재료
513,생수 반컵,반컵,주재료
513,오이,10g,주재료
512,불린 쌀,15g,주재료
512,생수,140cc,주재료
512,양배추,10G,주재료
511,불린 쌀,10g,주재료
511,생수 또는 분유물(모유),120ml,주재료
511,감자,5g,주재료
510,불린 쌀,15g,주재료
510,물,120cc,주재료
510,사과,10g,주재료
509,당근,10g,주재료
509,불린 쌀,20g,주재료
508,불린 쌀,20g,주재료
508,생수 반컵,반컵,주재료
508,고구마,10g,주재료
507,애호박(속살),10g,주재료
507,불린 쌀,20g,주재료
506,불린 찹쌀,10g,주재료
506,불린 쌀,20g,주재료
505,불린 쌀,10g,주재료
505,물,2/3컵,주재료
505,비트 간 것,5g,주재료
504,불린 쌀,10g,주재료
504,정제수(생수),350g,주재료
504,브로코리,10g,주재료
503,단호박,20g,주재료
503,불린 쌀,25g,주재료
502,배,10g,주재료
502,불린 쌀,30g,주재료
501,생수,1/2컵,주재료
501,불린 쌀,10g,주재료
500,올리브오일,3g,부재료
500,후춧가루,약간,부재료
500,당근,2g,부재료
500,샐러리,2g,부재료
500,쌀,60g,주재료
500,화이트와인,10g,부재료
500,완두콩,3g,부재료
500,닭 육수,130ml,부재료
500,이태리고추,1개,부재료
500,사라다나,2포기,부재료
500,트레비소,1포기,부재료
500,마늘,1쪽,부재료
500,로즈마리,1줄기,부재료
500,낙지,1마리,주재료
500,이태리파슬리,1줄기,부재료
500,토마토,1/3개,부재료
500,파프리카,1/5개,부재료
500,차이브,약간,부재료
500,소금,약간,부재료
500,양파,3g,부재료
499,돼지 볼살,60g,주재료
499,스파게티,100g,주재료
499,양파,10g,부재료
499,계란노른자,1개,부재료
499,그라나 빠다노,10g,부재료
499,우유,50g,부재료
499,이태리파슬리,2줄기,부재료
499,후추,적당량,부재료
499,소금,적당량,부재료
499,생크림,300g,주재료
498,송어,1마리,주재료
498,양상추, ,부재료
498,무순, ,부재료
498,파인애플, ,부재료
498,오이, ,부재료
498,토마토, ,부재료
498,파슬리, ,부재료
497,잉어,1마리,주재료
497,콩나물,200g,양념
497,미나리,50g,양념
497,계란,1개,양념
497,홍고추,2개,주재료
497,[양념장] 고춧가루,3큰술,양념
497,참기름,약간,양념
497,다진마늘,1과1/2큰술,양념
497,된장,1과1/2큰술,양념
497,물엿,1/2큰술,양념
497,생강,약간,양념
497,후춧가루,약간,양념
497,고추장,3큰술,양념
496,메기,1마리,주재료
496,무,100g,부재료
496,대파,1뿌리,부재료
496,마늘,2쪽,부재료
496,생강,1쪽,부재료
496,쑥갓,50g,부재료
496,고추장,1작은술,양념
496,식용유,1큰술,양념
496,소금,약간,양념
496,후춧가루,약간,양념
496,물,4컵,양념
496,고춧가루,1큰술,양념
495,설탕,1큰술,양념
495,식초,2큰술,양념
495,육수,3큰술,양념
495,깨소금,약간,양념
495,냉면,300g,주재료
495,계란,1개,주재료
495,방울토마토,2개,주재료
495,샐러드채소,약간,주재료
495,무,1/3개,부재료
495,[배합초] 소금,2작은술,부재료
495,설탕,3큰술,부재료
495,식초,3큰술,부재료
495,물,약간,부재료
495,[비빔양념] 간장,1/2작은술,양념
495,고추장,1과1/2작은술,양념
495,다진마늘,1/2큰술,양념
495,다진파,1작은술,양념
495,물엿,1큰술,양념
494,미소,1과1/2큰술,양념
494,두부,1/2모,주재료
494,간장,약간,양념
494,팽이버섯,약간,부재료
494,실파,약간,부재료
494,다시마,약간,양념
493,김치,1/2포기,주재료
493,꽁치,1캔,주재료
493,무,1/3개,부재료
493,간장,약간,양념
493,마늘,5톨,부재료
493,김칫국물,1/2물,부재료
493,대파,1뿌리,부재료
492,떡국떡,50g,주재료
492,만두피,15장,부재료
492,구운김,1장,부재료
492,대파,1/2뿌리,부재료
492,다진마늘,2큰술,양념
492,청정원맛선생,약간,양념
492,국간장,1큰술,양념
492,참기름,약간,양념
492,만두피,12장,주재료
492,다진돼지고기,100g,주재료
492,배추김치,100g,주재료
492,숙주,50g,주재료
492,두부,1모,주재료
492,파,1/3뿌리,주재료
492,계란,1개,부재료
491,미니파프리카,1팩,주재료
491,오이,2개,주재료
491,당근,1/2개,주재료
491,브로콜리,1/2개,부재료
491,양배추,1/4통,부재료
491,식초,1/2컵,양념
491,발효초,2와1/2컵,양념
491,설탕,1컵,양념
491,소금,4큰술,양념
491,통후추,20알,양념
491,물,2와1/2컵,양념
490,플레인요구르트,4개,주재료
490,발효초,10큰술,주재료
490,꿀,1큰술,부재료
490,과일통조림,약간,부재료
490,초콜릿,약간,부재료
489,식초,4큰술,양념
489,설탕,1큰술,양념
489,간장,1작은술,양념
489,참기름,약간,양념
489,다진마늘,1작은술,양념
489,고추장,2큰술,양념
489,쫄면,120g,주재료
489,오이,1/2개,부재료
489,파프리카,1/2개,부재료
489,깻잎,5장,부재료
489,새싹채소,약간,부재료
489,물엿,1작은술,양념
488,우동면,100g,주재료
488,참기름,약간,양념
488,김치,1/8포기,주재료
488,쑥갓,약간,부재료
488,김,약간,부재료
488,[육수] 시판용장국,1컵,양념
488,물,3~4컵,양념
488,고춧가루,1작은술,양념
488,국간장,약간,양념
488,소금,약간,양념
488,후춧가루,약간,양념
488,맛술,약간,양념
488,설탕,1/2작은술,양념
488,식초,1/2작은술,양념
488,고춧가루,약간,양념
488,새우,4마리,부재료
487,두부,1팩,주재료
487,계란,1개,부재료
487,청정원어장,2큰술,양념
487,고춧가루,1~2큰술,양념
487,깨소금,약간,양념
487,양파,1/2개,부재료
487,미더덕,약간,주재료
487,바지락,약간,주재료
487,잔새우,약간,주재료
487,다시마,1장,부재료
487,멸치,한줌,부재료
487,참기름,약간,양념
486,대하,12마리,주재료
486,홍고추,1개,부재료
486,미더덕,50g,주재료
486,바지락,1봉,주재료
486,꽃게,3마리,주재료
486,무,50g,부재료
486,양파,1개,부재료
486,청고추,1개,부재료
486,다시마,1장,부재료
486,미나리,50g,부재료
486,쑥갓,30g,부재료
486,고춧가루,5큰술,양념
486,국간장,4큰술,양념
486,맛술,3큰술,양념
486,다진마늘,2큰술,양념
486,다진생강,1큰술,양념
486,후춧가루,약간,양념
486,소금,약간,양념
486,참기름,약간,양념
486,오징어,1마리,주재료
485,청주,1작은술,양념
485,간장,1작은술,양념
485,홍고추,1/2개,양념
485,참기름,약간,양념
485,올리브오일,1큰술,부재료
485,청고추,1/2개,양념
485,양파,1/2개,부재료
485,표고버섯,2장,부재료
485,피망,1/2개,부재료
485,마늘,5톨,부재료
485,새송이버섯,4개,주재료
485,청정원순창쌈장,2큰술,양념
485,물,2큰술,양념
485,쪽파,2뿌리,양념
485,다진마늘,1작은술,양념
485,설탕,1/3작은술,양념
484,파프리카,1/4개,부재료
484,팽이버섯,약간,부재료
484,새우,30g,주재료
484,오징어,50g,주재료
484,바지락,30g,주재료
484,날치알,약간,부재료
484,파프리카,1/4개,부재료
484,소금,약간,양념
484,후춧가루,약간,양념
484,굴소스,3큰술,양념
484,밥,2공기,주재료
484,참기름,약간,양념
484,청주,2큰술,양념
483,양배추,1/4통,부재료
483,새우,30g,부재료
483,실파,30g,부재료
483,베이컨,4장,부재료
483,굴소스,약간,양념
483,가쯔오브시,약간,양념
483,양파,1/3개,부재료
483,팽이버섯,30g,부재료
483,소금,약간,양념
483,후춧가루,약간,양념
483,밀가루,3컵,주재료
483,다시물,2컵,주재료
483,계란,2개,주재료
483,마요네즈,약간,양념
482,두부,1모,주재료
482,청고추,1개,부재료
482,홍고추,1개,부재료
482,소금,약간,양념
482,굴소스,4큰술,양념
482,물,1/3컵,양념
482,참기름,약간,양념
482,다진마늘,1작은술,양념
481,신김치,1/2포기,주재료
481,돼지고기안심,50g,주재료
481,청정원국선생,500ml,부재료
481,표고버섯,3개,부재료
481,식용유,약간,부재료
481,청고추,1개,부재료
481,후춧가루,약간,양념
481,맛술,3큰술,양념
481,대파,1대,부재료
480,홍합,50g,주재료
480,모시조개,1봉,주재료
480,무,1/4개,부재료
480,홍고추,1개,부재료
480,대파,2뿌리,부재료
480,미나리,50g,부재료
480,고춧가루,1큰술,양념
480,다진마늘,2큰술,양념
480,다진생강,1큰술,양념
480,고추장,1작은술,양념
480,소금,약간,양념
480,후춧가루,약간,양념
480,다시마,1장,부재료
480,청고추,1개,부재료
480,쭈꾸미,2마리,주재료
480,간장,3큰술,양념
480,오징어,1/2마리,주재료
480,새우,8마리,주재료
480,양파,1/2개,부재료
479,청고추,4개,주재료
479,홍고추,3개,주재료
479,오이,1개,부재료
479,당근,1/3개,부재료
479,새우,6마리,부재료
479,참기름,약간,양념
479,후춧가루,약간,양념
479,굴소스,3큰술,양념
479,꽃빵,4개,주재료
479,새송이버섯,1개,부재료
479,청주,1작은술,양념
479,포도씨유,약간,부재료
478,포도씨유,약간,부재료
478,두부,반모,주재료
478,파프리카,2개,주재료
478,식초,약간,부재료
478,소금,약간,양념
478,후춧가루,약간,양념
478,간장,약간,부재료
478,칵테일새우,30g,부재료
477,참치통조림,1캔,주재료
477,당근,1/3개,부재료
477,감자,1개,부재료
477,표고버섯,2장,부재료
477,불린쌀,1컵,주재료
477,애호박,1/3개,부재료
477,국간장,약간,양념
477,깨소금,약간,양념
477,실파,2줄기,부재료
477,물,5컵,부재료
477,다시마,1장,부재료
477,참기름,약간,양념
476,닭,500g,주재료
476,맛술,2큰술,양념
476,맛술,3큰술,부재료
476,소금,약간,부재료
476,후춧가루,약간,부재료
476,호두,20g,부재료
476,계란,1개,부재료
476,녹말가루,6큰술,부재료
476,튀김가루,4큰술,부재료
476,카레가루,1큰술,부재료
476,고추장,3큰술,양념
476,토마토케첩,4큰술,양념
476,물엿,1큰술,양념
476,꿀,1큰술,양념
476,물,4큰술,양념
476,식초,3큰술,양념
476,다진마늘,2큰술,양념
476,고추기름,2큰술,양념
476,우유,1/2컵,부재료
475,다진마늘,1/2작은술,양념
475,물,5컵,양념
475,국간장,1큰술,양념
475,소금,약간,양념
475,후춧가루,약간,양념
475,밀가루,2컵,주재료
475,물,5큰술,부재료
475,된장,2큰술,부재료
475,표고버섯,2개,주재료
475,감자,1개,주재료
475,대파,1/2대,부재료
475,양파,1/4개,부재료
475,청고추,1/4개,부재료
475,홍고추,1/4개,부재료
475,국물용멸치,10마리,양념
475,참기름,1작은술,양념
474,닭가슴살,3쪽,주재료
474,양상추,2장,부재료
474,겨자잎,2장,부재료
474,양파,1/2개,부재료
474,당근,1/4개,부재료
474,오이,1/3개,부재료
474,마른고추,1개,부재료
474,허니머스터드,2큰술,양념
474,레몬즙,2큰술,양념
474,설탕,2큰술,양념
474,소금,약간,양념
474,청주,2큰술,양념
474,다진마늘,1큰술,양념
474,오렌지,1개,부재료
473,비트,1개,부재료
473,절임무,1팩,주재료
473,오이,1/2개,부재료
473,게맛살,2개,부재료
473,파프리카,1개,부재료
473,네모난햄,6장,부재료
473,레몬즙,1큰술,양념
473,계란,2개,부재료
473,땅콩버터,2와1/2큰술,양념
473,꿀,1큰술,양념
473,설탕,1큰술,양념
473,식초,1과1/2큰술,양념
473,깨소금,1큰술,양념
473,무순,1팩,부재료
472,돼지등갈비,1대,주재료
472,샐러리,1개,부재료
472,양파,1/2개,부재료
472,마늘,2쪽,부재료
472,후춧가루,약간,양념
472,레드와인,1T,양념
472,올리브오일,2T,양념
472,소금,약간,양념
472,바베큐소스,2T,양념
471,부추,100g,주재료
471,올리브오일,3큰술,주재료
471,[양념장] 다진파,1큰술,양념
471,다진마늘,1/2큰술,양념
471,통깨,1작은술,양념
471,식초,1큰술,양념
471,고춧가루,1/2큰술,양념
471,설탕,1/2큰술,양념
471,간장,1큰술,양념
470,팽이버섯,30g,주재료
470,식용유,2큰술,부재료
470,청피망,1/2개,부재료
470,홍피망,1/2개,부재료
470,간장,1큰술,양념
470,표고버섯,3장,주재료
470,다진마늘,1/2작은술,양념
470,참기름,1/2작은술,양념
470,소금,약간,양념
470,후춧가루,약간,양념
470,느타리버섯,60g,주재료
470,설탕,1/2작은술,양념
469,가지,2개,주재료
469,부추,20g,주재료
469,다진파,1큰술,양념
469,다진마늘,1/2큰술,양념
469,소금,1큰술,양념
469,고춧가루,1큰술,주재료
469,액젓,2/3큰술,양념
469,설탕,1작은술,양념
469,다진생강,1작은술,양념
468,상추,4장,주재료
468,미소된장,2큰술,주재료
468,실파,약간,부재료
468,가다랑이포,한줌,양념
468,두부,1/4모,부재료
468,다시마,1장,양념
467,파스타,200g,주재료
467,생크림,1과1/2컵,주재료
467,양파,1/2개,부재료
467,후춧가루,약간,양념
467,다진마늘,1작은술,양념
467,베이컨,6장,부재료
467,우유,1/2컵,주재료
467,버터,2큰술,부재료
467,소금,약간,양념
466,멥쌀가루,5컵,주재료
466,물,4~5큰술,부재료
466,소금,약간,양념
466,단호박,1/3개,주재료
466,녹두,1컵,주재료
466,설탕,3~4큰술,부재료
465,토란탕,2컵,주재료
465,표고버섯,6장,부재료
465,닭고기,200g,주재료
465,우엉,1/4대,부재료
465,당근,1개,부재료
465,식용유,약간,양념
465,맛술,1큰술,양념
465,설탕,약간,양념
465,생강즙,약간,양념
465,청주,약간,양념
465,간장,3큰술,양념
464,시금치나물,100g,주재료
464,도라지나물,100g,주재료
464,고사리나물,100g,주재료
464,고기산적,100g,주재료
464,소스,레서피참조,양념
464,깻잎,4장,부재료
464,양파,1/2개,부재료
464,오이,1/2개,부재료
464,라이스페이퍼,1팩,주재료
464,당근,1/2개,부재료
463,소꼬리,5토막,주재료
463,사골,100g,부재료
463,마늘,10쪽,양념
463,대파,적당량,양념
463,밤,5톨,부재료
463,청양고추,2개,양념
463,대추,10개,부재료
462,소금,약간,양념
462,버터,약간,양념
462,샐러드오일,약간,양념
462,통후추,약간,양념
462,대하,3마리,주재료
462,아스파라거스,2개,부재료
462,새송이버섯,1개,부재료
462,느타리버섯,2개,부재료
462,애호박,1/2개,부재료
462,가지,1/2개,부재료
462,감자,1개,부재료
462,마늘,3쪽,부재료
462,타임,2줄기,양념
462,바질,2잎,양념
462,와사비,약간,양념
461,전어,3마리,주재료
461,무,20g,부재료
461,미나리,20g,부재료
461,청고추,1개,양념
461,콩가루,1큰술,부재료
461,고춧가루,1/2큰술,양념
461,양파,20g,부재료
461,고추장,1/2큰술,양념
461,다진마늘,1큰술,양념
461,설탕,1큰술,양념
461,전어젓갈,약간,양념
461,통깨,약간,양념
461,식초,2큰술,양념
460,날콩가루,100g,주재료
460,밀가루,100g,주재료
460,닭,1마리,주재료
460,소금,적당량,양념
460,통파,1대,부재료
460,생강,적당량,양념
460,오이,1/4개,부재료
460,닭발,2개,부재료
459,서리태콩,1컵,주재료
459,소면,150g,주재료
459,참깨,1큰술,부재료
459,오이,1/4개,부재료
459,토마토,1/4개,부재료
459,소금,약간,양념
458,콩,각 100g,주재료
458,깨,3큰술,부재료
458,잣,1큰술,부재료
458,소금,약간,양념
458,식빵,1장,부재료
458,버터,약간,양념
458,후춧가루,약간,양념
458,호두,2알,부재료
457,우무,40g,주재료
457,콩,500g,주재료
457,깨,2큰술,양념
457,소금,약간,양념
457,생수,2컵,양념
457,오이,1/2개,부재료
457,잣,4큰술,양념
456,메주콩,500g,주재료
456,녹차국수,200g,주재료
456,오이,1개,부재료
456,소금,약간,양념
456,물,1컵,주재료
456,육수,3컵,부재료
456,방울토마토,2개,부재료
455,대파,1/2뿌리,부재료
455,홍고추,1개,부재료
455,통깨,약간,양념
455,멸치액젓,2작은술,양념
455,시금치,1/2단,주재료
455,물,2컵,양념
455,소금,약간,양념
455,참기름,약간,양념
454,죽순,1개,주재료
454,미나리,5줄기,주재료
454,계란,1개,부재료
454,쌀뜨물,4컵,부재료
454,[초고추장] 고추장,1큰술,양념
454,설탕,1작은술,양념
454,식초,2작은술,양념
454,홍고추,1개,부재료
453,전복,1개,주재료
453,쌀,1컵,주재료
453,물,6컵,부재료
453,김,약간,부재료
453,소금,약간,양념
453,깨소금,약간,양념
453,실파,약간,부재료
453,참기름,약간,양념
452,쌀,1컵,주재료
452,새우,200g,주재료
452,물,6컵,부재료
452,참기름,약간,양념
452,소금,약간,양념
451,낙지,1마리,주재료
451,모시조개,10개,주재료
451,배추,4잎,부재료
451,참기름,1큰술,양념
451,소금,1/2컵,부재료
451,청고추,1/2개,양념
451,홍고추,1/2개,양념
451,소금,약간,양념
451,대파,1/2뿌리,부재료
451,다진마늘,1/2큰술,양념
450,시금치,20g,주재료
450,계란,3개,주재료
450,올리브오일,2큰술,부재료
450,소금,약간,양념
450,게맛살,2개,부재료
449,돼지갈비,1kg,주재료
449,다진마늘,1큰술,양념
449,저민마늘,5쪽,양념
449,마른고추,5개,양념
449,올리브오일,2큰술,양념
449,화이트와인,1/2컵,양념
449,물,1컵,양념
449,소금,약간,양념
449,후춧가루,약간,양념
449,레몬,1개,부재료
448,파프리카,3개,주재료
448,찬밥,1과1/2공기,주재료
448,감자,1/2개,부재료
448,호박,1/4개,부재료
448,올리브오일,3큰술,부재료
448,양파,1/2개,부재료
448,당근,1/4개,부재료
448,소금,약간,양념
448,후춧가루,약간,양념
448,피망,1/4개,부재료
447,배,1/2개,부재료
447,양파,50g,부재료
447,마늘,20g,부재료
447,생강,10g,부재료
447,고운소금,30g,부재료
447,굵은소금,약간,부재료
447,붉은갓,50g,주재료
447,삭힌고추,3개,부재료
447,물,2.5L,부재료
447,무,1개,주재료
446,깻잎,5묶음,주재료
446,밤,10개,주재료
446,홍고추,50g,부재료
446,청고추,50g,부재료
446,다진마늘,60g,부재료
446,대추,10개,부재료
446,물,2컵,부재료
446,양파,1/2개,부재료
446,다진생강,1쪽,부재료
446,멸치,10마리,부재료
446,멸치액젓,3/4컵,부재료
446,설탕,1컵,부재료
446,대파,30g,부재료
445,멸치,한줌,양념
445,다시마,1장,양념
445,표고버섯,1장,부재료
445,애호박,1/4개,부재료
445,청고추,1개,부재료
445,홍고추,1/2개,부재료
445,두부,1/2모,주재료
445,순창콩된장,50g,주재료
445,고춧가루,1작은술,양념
445,다진마늘,1작은술,양념
445,대파,1/2뿌리,부재료
445,참기름,약간,양념
444,근대,200g,주재료
444,쇠고기,30g,부재료
444,다진마늘,1큰술,양념
444,멸치,한줌,부재료
444,고춧가루,1작은술,양념
444,된장,1작은술,양념
444,고추장,1/2큰술,양념
444,대파,1/4뿌리,양념
443,고구마,2개,주재료
443,시럽,1/2컵,양념
443,튀김기름,적당량,부재료
443,호박씨,10g,주재료
443,건포도,10g,주재료
442,메주콩,5되,부재료
442,멥쌀,5되,부재료
442,엿기름,1컵,주재료
442,고춧가루,4되,주재료
442,소금,4되,주재료
442,찹쌀가루,4되,주재료
441,소금,1kg,부재료
441,메주,4덩어리,주재료
440,메주콩,반말,주재료
440,소금,2kg,주재료
440,숯,2덩이,부재료
440,마른고추,5개,부재료
440,물,25L,주재료
439,물,1컵,양념
439,설탕,15g,양념
439,양파,70g,부재료
439,마늘,30g,양념
439,생강,10g,양념
439,미나리,70g,부재료
439,정종,1큰술,양념
439,열무,250g,주재료
439,얼갈이배추,250g,주재료
439,굵은소금,10g,양념
439,청고추,25g,부재료
439,홍고추,25g,부재료
439,쪽파,15g,부재료
439,물,7컵,양념
439,꽃소금,20~25g,양념
439,밀가루,2큰술,양념
438,깻잎,20장,주재료
438,간장,1큰술,양념
438,물,1큰술,양념
438,들기름,1큰술,양념
438,청고추,1/2개,부재료
438,홍고추,1/2개,부재료
438,조청,약간,양념
437,쌀국수,70g,주재료
437,통계피,1토막,주재료
437,대파,1뿌리,부재료
437,쇠고기,30g,주재료
437,청고추,1개,양념
437,피시소스,1큰술,양념
437,고수잎,약간,양념
437,소금,약간,양념
437,[쇠고기육수] 쇠뼈,400g,주재료
437,쇠꼬리,2토막,주재료
437,양파,1개,주재료
437,생강,2개,주재료
437,팔각,1개,주재료
437,정향,3개,주재료
437,숙주,70g,부재료
436,우동면,150g,주재료
436,양파,1/4개,부재료
436,청고추,1/2개,부재료
436,홍고추,1/2개,부재료
436,간마늘,1작은술,주재료
436,버터,10g,양념
436,숙주,30g,부재료
436,굴소스,1큰술,양념
436,간장,1큰술,양념
436,맛술,1큰술,양념
436,간생강,1작은술,양념
435,수삼,1뿌리,주재료
435,크림치즈,3큰술,주재료
435,양상추,3잎,부재료
435,마요네즈,3큰술,양념
435,적채,약간,부재료
435,치커리,50g,부재료
435,"무,래디쉬",2개,부재료
434,햄,10g,주재료
434,양파,1/4개,주재료
434,청피망,1/2개,부재료
434,홍피망,1/2개,부재료
434,후춧가루,약간,양념
434,치즈,2장,주재료
434,파슬리가루,적당량,양념
434,소금,약간,양념
434,밥,1공기,주재료
433,잔멸치,50g,주재료
433,간장,2큰술,양념
433,설탕,1큰술,양념
433,밥,2공기,주재료
433,깨소금,약간,양념
433,치즈,8장,부재료
433,식용유,약간,부재료
432,새우,5마리,주재료
432,석이버섯,10g,부재료
432,팽이버섯,30g,부재료
432,오이,1/3개,부재료
432,당근,50g,부재료
432,양상추,50g,부재료
432,소금,1작은술,양념
432,무순,30g,부재료
432,배,1/4개,부재료
432,겨자,1큰술,양념
432,식초,2큰술,양념
432,설탕,1큰술,양념
432,부추,50g,부재료
431,갈치,4토막,주재료
431,물엿,2큰술,양념
431,애호박,1/2개,부재료
431,당근,1/4개,부재료
431,대파,1개,부재료
431,양파,1/2개,부재료
431,홍고추,1개,부재료
431,청고추,1개,부재료
431,굵은고춧가루,2큰술,양념
431,고운고춧가루,1큰술,양념
431,설탕,1큰술,양념
431,다진생강,2작은술,양념
431,다진마늘,1큰술,양념
431,정종,1큰술,양념
431,된장,2작은술,양념
431,후춧가루,약간,양념
431,소금,약간,양념
431,간장,2큰술,양념
431,무,1/3개,부재료
430,갈치,1마리,주재료
430,소금,1작은술,양념
430,밀가루,2큰술,부재료
430,레몬,1개,양념
430,후춧가루,1작은술,양념
429,고등어,1마리,주재료
429,소금,약간,양념
429,애호박,1/2개,부재료
429,당근,1/4개,부재료
429,대파,1개,부재료
429,양파,1/2개,부재료
429,홍고추,2개,부재료
429,풋고추,2개,부재료
429,팽이버섯,1/2팩,부재료
429,간장,2큰술,양념
429,굵은고춧가루,2큰술,양념
429,고운고춧가루,1큰술,양념
429,설탕,1큰술,양념
429,물엿,2큰술,양념
429,생강,2작은술,양념
429,마늘,1큰술,양념
429,정종,1큰술,양념
429,된장,2큰술,양념
429,후춧가루,약간,양념
429,무,1/3개,부재료
428,정종,2큰술,양념
428,청고추,2개,부재료
428,마늘,5쪽,양념
428,참기름,2작은술,양념
428,깨소금,1큰술,양념
428,물엿,2큰술,양념
428,고등어,1/2마리,주재료
428,간장,3큰술,양념
428,굵은고춧가루,2큰술,양념
428,고운고춧가루,1큰술,양념
428,대파,1개,부재료
428,양파,1개,부재료
428,실파,3개,부재료
428,홍고추,2개,부재료
428,생강,1개,양념
427,애호박,60g,주재료
427,고추장,약간,양념
427,도라지,60g,부재료
427,숙주,60g,부재료
427,시금치,60g,주재료
427,고사리,60g,주재료
427,상추,6잎,부재료
427,육회,60g,주재료
427,계란후라이,2개,부재료
427,다진파,약간,양념
427,다진마늘,약간,양념
427,깨소금,약간,양념
427,후춧가루,약간,양념
427,참기름,약간,양념
427,설탕,약간,양념
427,취나물,60g,주재료
426,쇠고기,150g,주재료
426,육수,1컵,양념
426,당근,1/4개,부재료
426,양파,1/2개,부재료
426,홍고추,1개,부재료
426,콩나물,50g,부재료
426,애호박,1/3개,부재료
426,팽이버섯,약간,부재료
426,쑥갓,약간,부재료
426,간장,2큰술,양념
426,설탕,1큰술,양념
426,다진파,약간,양념
426,다진마늘,약간,양념
426,고춧가루,2큰술,양념
426,고추장,1큰술,양념
426,생강즙,약간,양념
426,깨소금,약간,양념
426,후춧가루,약간,양념
426,낙지,2마리,주재료
425,무말랭이,2컵,주재료
425,다진파,1큰술,양념
425,다진마늘,1큰술,양념
425,간장,1큰술,양념
425,설탕,2큰술,양념
425,깨소금,1큰술,양념
425,멸치액젓,1큰술,양념
425,고춧가루,1/2큰술,양념
425,고추장,1큰술,양념
424,쌈다시마,8장,주재료
424,오징어,1마리,주재료
424,게맛살,2줄,부재료
424,오이,1개,부재료
424,파프리카,1/2개,부재료
424,초고추장,약간,양념
424,홍피망,1/2개,부재료
423,고춧가루,1/2큰술,양념
423,정종,2큰술,양념
423,설탕,2큰술,양념
423,다시물,1/2컵,양념
423,우엉,100g,주재료
423,돼지고기,100g,주재료
423,간장,3큰술,양념
423,생강즙,약간,양념
422,상추,4장,주재료
422,밥,1그릇,주재료
422,다진쇠고기,100g,부재료
422,다진양파,1/2개,부재료
422,간장,1큰술,양념
422,고추장,약간,양념
422,다진파,약간,양념
422,다진마늘,약간,양념
422,깨소금,약간,양념
422,참기름,약간,양념
422,설탕,1/2큰술,양념
421,양파,2개,주재료
421,다진쇠고기,50g,부재료
421,두부,1/4모,부재료
421,다진파,1작은술,양념
421,다진마늘,1작은술,양념
421,홍고추,1/2개,부재료
421,소금,약간,양념
421,참기름,약간,양념
421,후춧가루,약간,양념
421,밀가루,약간,부재료
421,계란,1개,부재료
421,깨소금,약간,양념
420,봄동,100g,주재료
420,영양부추,1/4단,부재료
420,고춧가루,3큰술,양념
420,까나리액젓,2큰술,양념
420,깨소금,약간,양념
420,다진마늘,1작은술,양념
420,다진파,1큰술,양념
420,다진생강,1/2작은술,양념
420,참기름,약간,양념
420,새우젓,1/2큰술,양념
419,멸치다시물,2컵,양념
419,콩나물,50g,주재료
419,다진마늘,약간,양념
419,다진파,약간,양념
419,홍고추,1/2개,부재료
419,국간장,약간,양념
419,소금,약간,양념
419,후춧가루,약간,양념
419,북어,30g,주재료
418,통마늘,20쪽,주재료
418,식초,적당량,부재료
418,설탕,1/3컵,양념
418,식초,1/2컵,양념
418,[절임간장] 진간장,5컵,양념
418,설탕,1/2컵,양념
418,멸치,1/2컵,부재료
417,대구살,200g,주재료
417,계란,1개,부재료
417,쑥갓,약간,부재료
417,식용유,적당량,부재료
417,후춧가루,약간,양념
417,밀가루,약간,부재료
417,소금,약간,양념
416,마늘,3쪽,부재료
416,배추,100g,주재료
416,파슬리,약간,부재료
416,양념,레시피참조,양념
416,굴,300g,주재료
416,배,약간,부재료
416,오이,반개,부재료
416,청고추,2개,부재료
416,홍고추,2개,부재료
416,실파,30g,부재료
416,생밤,4개,부재료
415,고등어,1마리,주재료
415,생강,1큰술,양념
415,피망,1/2쪽,부재료
415,양파,1/2개,부재료
415,실파,3쪽,부재료
415,마늘,1쪽,양념
415,육수,1/2컵,양념
415,설탕,11/2큰술,양념
415,녹말,1큰술,부재료
415,간장,1/2큰술,양념
415,토마토케찹,4큰술,양념
414,쇠고기,100g,주재료
414,양파,1/2개,부재료
414,대파,1뿌리,부재료
414,표고버섯,1개,부재료
414,다진마늘,약간,양념
414,간장,2큰술,양념
414,밥,1공기,주재료
414,설탕,2/3큰술,양념
414,소금,약간,양념
414,참기름,약간,양념
414,후춧가루,약간,양념
414,깨소금,약간,양념
414,맛술,1큰술,양념
413,브로콜리,5개,주재료
413,베이컨,5장,주재료
413,채소,적당량,부재료
413,머스타드,약간,양념
413,케첩,약간,양념
412,생대구,1/2마리,주재료
412,다시마,약간,양념
412,가쓰오브시,약간,양념
412,미나리,10g,양념
412,청고추,1/2개,부재료
412,홍고추,1/2개,부재료
412,마늘,5쪽,양념
412,소금,약간,양념
412,팽이버섯,1/4봉,부재료
412,두부,1/4모,부재료
411,닭고기,500g,주재료
411,마늘,4쪽,양념
411,대파,1뿌리,양념
411,생강,1톨,양념
411,미역,10g,주재료
411,밀가루,1컵,주재료
411,깨소금,약간,양념
411,후춧가루,약간,양념
411,국간장,2큰술,양념
411,설탕,1작은술,양념
411,다진파,1/2큰술,양념
411,다진마늘,약간,양념
411,소금,약간,양념
410,설탕,1/2컵,양념
410,계핏가루,1/2큰술,양념
410,양파,5개,주재료
410,만두피,30장,주재료
410,식용유,적당량,부재료
410,물,1/2컵,양념
409,닭,300g,주재료
409,간장,3큰술,양념
409,계란,1/2개,부재료
409,녹말,4큰술,부재료
409,튀김가루,1큰술,부재료
409,마늘,1쪽,양념
409,참기름,약간,양념
409,마른고추,2개,양념
409,표고버섯,1개,부재료
409,피망,1/2개,부재료
409,고춧기름,3큰술,양념
409,청주,2큰술,양념
409,육수,2/3컵,양념
409,대파,1뿌리,양념
408,단호박,1/2개,주재료
408,황설탕,1큰술,양념
408,후춧가루,약간,양념
408,소금,약간,양념
408,버터,약간,양념
407,돼지고기,200g,주재료
407,고추장,2큰술,양념
407,고춧가루,2큰술,양념
407,간장,1/2큰술,양념
407,미림,25g,양념
407,후춧가루,약간,양념
407,다진마늘,약간,양념
407,설탕,1/2큰술,양념
407,물엿,1작은술,양념
407,깨소금,약간,양념
407,참기름,약간,양념
407,다진파,약간,양념
406,녹두,1컵,주재료
406,쌀,2컵,주재료
406,설탕,약간,양념
406,소금,약간,양념
406,물,14컵,부재료
405,꽃게,3마리,주재료
405,간장,2컵,부재료
405,물,1컵,부재료
405,생강,1개,부재료
405,마늘,12쪽,부재료
405,청고추,4개,양념
405,설탕,1큰술,양념
405,채썬마늘,4큰술,양념
405,채썬생강,2큰술,양념
405,고춧가루,1큰술,양념
405,참기름,1큰술,양념
405,깨소금,약간,양념
405,다진파,4큰술,양념
404,맛조개,6개,주재료
404,새우,3마리,주재료
404,당근,15g,부재료
404,팽이버섯,20g,부재료
404,표고버섯,1개,부재료
404,미나리,10g,부재료
404,곤약,15g,부재료
404,다시마,약간,양념
404,가쓰오브시,약간,양념
404,소금,약간,양념
404,청주,약간,양념
404,폰즈소스,약간,양념
404,와사비소스,약간,양념
404,깨소스,약간,양념
404,낙지,12g,주재료
403,밀가루,1컵,주재료
403,쇠고기,200g,주재료
403,간장,2큰술,양념
403,설탕,2큰술,양념
403,참기름,약간,양념
403,깨소금,약간,양념
403,케첩,2큰술,양념
403,양파,1/2개,부재료
403,튀김기름,적당량,부재료
403,계란,1개,부재료
403,치자,약간,부재료
403,마늘,1쪽,양념
403,피망,20g,양념
403,후춧가루,약간,양념
402,라면,1개,주재료
402,겨자,1/2큰술,양념
402,계란,1개,부재료
402,꽃상추,3장,부재료
402,깻잎,5장,부재료
402,치커리,약간,부재료
402,양파,1/2개,부재료
402,고추장,1큰술,양념
402,간장,1/2큰술,양념
402,식초,1큰술,양념
402,설탕,1큰술,양념
402,깨소금,약간,양념
402,후춧가루,약간,양념
402,마늘,약간,양념
402,쇠고기,100g,주재료
401,부추,1/4단,주재료
401,돼지고기,100g,주재료
401,양파,1개,부재료
401,청고추,1개,부재료
401,다진마늘,1큰술,양념
401,홍고추,1개,부재료
401,청정원굴소스,1과1/2큰술,양념
401,소금,약간,양념
401,참기름,약간,양념
401,깨소금,약간,양념
401,식용유,약간,양념
401,다진생강,1작은술,양념
400,오징어,1마리,주재료
400,양파,1/2개,부재료
400,홍고추,1/2개,부재료
400,양배추,1/4통,부재료
400,당근,20g,부재료
400,고추장,1큰술,양념
400,참기름,약간,양념
400,간장,1큰술,양념
400,설탕,2/3큰술,양념
400,다진파,약간,양념
400,다진마늘,약간,양념
400,깨소금,약간,양념
400,후춧가루,약간,양념
400,고춧가루,1큰술,양념
399,김치,1/4포기,주재료
399,참치,1캔,주재료
399,양파,1/2개,부재료
399,대파,1뿌리,부재료
399,홍고추,1/2개,부재료
399,청고추,1/2개,부재료
399,두부,1/4모,부재료
399,고춧가루,1작은술,양념
399,소금,약간,양념
399,참기름,약간,양념
399,팽이버섯,1/2봉지,부재료
398,바게트,6쪽,주재료
398,훈제연어,6쪽,주재료
398,상추,6장,부재료
398,사워크림,약간,부재료
398,땅콩버터,약간,양념
398,체리알,약간,부재료
398,머스터드,약간,양념
397,가래떡,250g,주재료
397,쇠고기,100g,주재료
397,마늘,1쪽,양념
397,브로콜리,40g,부재료
397,고추장,2큰술,양념
397,참기름,약간,양념
397,설탕,1큰술,양념
397,간장,1/2큰술,양념
397,후춧가루,약간,양념
397,깨소금,약간,양념
397,물,1/2컵,양념
397,고춧가루,1/2작은술,양념
396,오징어,1마리,주재료
396,맛술,약간,양념
396,모시조개,5개,주재료
396,김치,30g,주재료
396,대파,15g,부재료
396,홍고추,1/2개,부재료
396,쑥갓,약간,부재료
396,다진마늘,약간,양념
396,생강,약간,양념
396,간장,1큰술,양념
396,고춧가루,1큰술,양념
396,소금,약간,양념
396,후춧가루,약간,양념
396,청고추,1개,부재료
396,양파,1개,부재료
396,호박,1개,부재료
396,다진파,약간,양념
396,두부,1/2모,주재료
395,어묵,100g,주재료
395,양파,1/4쪽,부재료
395,피망,1/4쪽,부재료
395,마늘,2쪽,양념
395,고춧가루,1큰술,양념
395,김치,50g,부재료
395,설탕,1/2큰술,양념
395,참기름,약간,양념
395,깨소금,약간,양념
395,식용유,약간,부재료
395,간장,1/2큰술,양념
394,닭,50g,주재료
394,해파리,60g,주재료
394,오이,1/2개,부재료
394,홍고추,1/2개,부재료
394,레몬,1/6쪽,부재료
394,청고추,1/2개,부재료
394,참기름,1작은술,양념
394,간장,1작은술,양념
394,설탕,2큰술,양념
394,꿀,2큰술,양념
394,소금,약간,양념
394,식초,4큰술,양념
393,골뱅이,1개,주재료
393,표고버섯,2개,부재료
393,양파,1개,부재료
393,청피망,1/4개,부재료
393,홍피망,1/4개,부재료
393,마늘,2쪽,양념
393,대파,약간,양념
393,진간장,1큰술,양념
393,깨소금,약간,양념
393,참기름,약간,양념
393,설탕,약간,양념
393,녹말,2큰술,부재료
392,가지,1개,주재료
392,참기름,약간,양념
392,소금,약간,양념
392,간장,약간,양념
392,설탕,약간,양념
392,맛술,약간,양념
392,깨소금,약간,양념
392,머스터드,1/2큰술,양념
392,마요네즈,2큰술,양념
392,설탕,1/4큰술,양념
392,밀가루,6큰술,부재료
392,계란,1개,부재료
392,빵가루,약간,부재료
392,후춧가루,약간,양념
392,돼지고기,150g,주재료
391,김치,1/4포기,주재료
391,홍합,1/2컵,주재료
391,멸치,10마리,양념
391,물,6컵,양념
391,대파,1뿌리,부재료
391,마늘,약간,양념
391,고춧가루,1/2큰술,양념
391,소금,약간,양념
391,홍고추,1개,부재료
390,마늘,5쪽,양념
390,대파,10g,부재료
390,고추기름,1큰술,양념
390,간장,2큰술,양념
390,청주,1큰술,양념
390,육수,2/3컵,양념
390,녹말,1큰술,부재료
390,참기름,1큰술,양념
390,홍고추,1개,부재료
390,계란,1개,부재료
390,다진파,약간,양념
390,소금,약간,양념
390,돼지고기,300g,주재료
390,표고버섯,2개,부재료
390,피망,1/2개,부재료
390,생강즙,약간,양념
389,참치,1/2캔,주재료
389,양파,15g,주재료
389,당근,10g,주재료
389,오이,20g,주재료
389,양상추,40g,주재료
389,적채,10g,부재료
389,설탕,1/4큰술,양념
389,소금,약간,양념
389,머스터드,약간,양념
389,토마토케첩,약간,양념
389,마요네즈,2큰술,양념
388,조기,1마리,주재료
388,홍고추,2개,부재료
388,감자,1개,부재료
388,양파,1/2개,부재료
388,물,1컵,부재료
388,청고추,2개,부재료
388,대파,1뿌리,양념
388,마늘,5쪽,양념
388,고추장,3큰술,양념
388,고춧가루,1큰술,양념
388,참기름,1큰술,양념
388,생강즙,1작은술,양념
388,소금,약간,양념
388,후춧가루,약간,양념
388,무,150g,부재료
387,밀가루,1컵,주재료
387,설탕,약간,양념
387,계란,2개,부재료
387,실파,1컵,주재료
387,쇠고기,100g,부재료
387,굴,50g,부재료
387,홍합,100g,부재료
387,조갯살,100g,부재료
387,잔새우,100g,부재료
387,다진마늘,1큰술,양념
387,식용유,약간,양념
387,다진파,1큰술,양념
387,소금,약간,양념
387,후춧가루,약간,양념
387,깨소금,약간,양념
387,참기름,약간,양념
387,고춧가루,약간,양념
387,식초,약간,양념
387,쌀가루,3큰술,주재료
386,표고버섯,20g,주재료
386,느타리버섯,30g,주재료
386,송이버섯,30g,주재료
386,양파,30g,부재료
386,감자,30g,부재료
386,호박,20g,부재료
386,후춧가루,약간,양념
386,쇠고기,30g,주재료
386,칼국수,50g,주재료
386,국간장,3큰술,양념
386,고춧가루,5큰술,양념
386,마늘,1큰술,양념
386,소금,약간,양념
386,쑥갓,10g,부재료
385,다진파,2작은술,양념
385,우묵,100g,주재료
385,오이,1/4토막,부재료
385,다시마,1장,부재료
385,멸치,5개,부재료
385,다진마늘,1작은술,양념
385,참기름,약간,양념
385,깨소금,약간,양념
385,고춧가루,약간,양념
385,설탕,1작은술,양념
385,간장,3큰술,양념
384,흰콩,2컵,주재료
384,소금,약간,양념
384,간수,5큰술,부재료
384,물,3컵,부재료
383,밥,3공기,주재료
383,참기름,약간,부재료
383,돼지고기,200g,주재료
383,청고추,1개,부재료
383,대파,1뿌리,부재료
383,다진마늘,약간,양념
383,다진생강,약간,양념
383,두반장,2큰술,양념
383,고추기름,1큰술,양념
383,간장,2큰술,양념
383,맛술,1큰술,양념
383,녹말물,50g,부재료
383,설탕,약간,양념
383,홍고추,1개,부재료
383,두부,1모,주재료
382,쌀,2컵,주재료
382,물,2컵,부재료
382,대추,6알,주재료
382,소금,약간,양념
382,은행,6알,주재료
382,느타리버섯,60g,주재료
382,스위트콘,1캔,주재료
382,밤,3톨,주재료
381,오징어,1마리,주재료
381,돼지고기,200g,주재료
381,옥수수통조림,1/2캔,부재료
381,양파,1개,부재료
381,실파,3뿌리,부재료
381,고추장,5큰술,양념
381,홍고추,1/2개,부재료
381,설탕,1큰술,양념
381,다진마늘,약간,양념
381,다진생강,약간,양념
381,물엿,3큰술,양념
381,참기름,약간,양념
381,청고추,1/2개,부재료
381,미림,1큰술,양념
380,우동면,1개,주재료
380,후춧가루,약간,양념
380,핫소스,2큰술,양념
380,간장,2큰술,양념
380,청주,3큰술,양념
380,참기름,2큰술,양념
380,양배추,20g,부재료
380,양파,1/4개,부재료
380,숙주나물,10g,부재료
380,표고버섯,1개,부재료
380,피망,1/2개,부재료
380,팽이버섯,1/2개,부재료
380,마늘,1개,양념
380,햄,70g,부재료
380,죽순,약간,부재료
380,대파,약간,부재료
380,식용유,약간,부재료
380,토마토케첩,2큰술,양념
380,설탕,2작은술,양념
380,굴소스,2큰술,양념
379,돼지고기,200g,주재료
379,마늘,3쪽,양념
379,우유,1/2컵,부재료
379,빵가루,1/2컵,부재료
379,계란,1개,부재료
379,정종,1큰술,양념
379,샐러리,1대,양념
379,돈까스소스,500g,양념
379,우스터소스,800g,양념
379,토마토케첩,450g,양념
379,버터,2큰술,양념
379,꿀,5큰술,양념
379,미림,3큰술,양념
379,사과,1개,양념
379,양파,1개,양념
379,바나나,2개,양념
379,타바스코,2큰술,양념
379,겨자,4작은술,양념
379,밥,1공기,주재료
379,밀가루,1/2컵,부재료
378,오징어,1/2마리,주재료
378,바질,약간,양념
378,홍합,6개,주재료
378,모시조개,4개,주재료
378,동태살,10g,주재료
378,꼴뚜기,3마리,주재료
378,마늘,3쪽,양념
378,양파,1/2개,부재료
378,당근,1/8개,부재료
378,샐러리,약간,부재료
378,스파게티,150g,주재료
378,토마토,1개,주재료
378,토마토페이스트,4큰술,양념
378,육수,200cc,양념
378,월계수잎,1개,양념
378,소금,약간,부재료
378,후춧가루,약간,양념
378,올리브오일,약간,양념
378,파마산치즈,약간,양념
378,새우,4마리,주재료
377,장어,20g,주재료
377,계란,5개,주재료
377,소금,약간,양념
377,식용유,약간,부재료
377,미림,약간,양념
377,다시마,약간,양념
377,설탕,약간,양념
376,장어,1/2마리,주재료
376,초생강,20g,부재료
376,산초가루,약간,양념
376,밥,1공기,주재료
376,장어뼈,약간,양념
376,진간장,3큰술,양념
376,정종,5큰술,양념
376,설탕,2큰술,양념
376,미림,2큰술,양념
376,장어대리,3큰술,양념
375,감자,1개,주재료
375,참기름,약간,양념
375,부추,약간,부재료
375,밀가루,1/3컵,주재료
375,물,약간,부재료
375,소금,약간,양념
375,식용유,약간,부재료
375,깻잎,6장,주재료
375,쇠고기,40g,부재료
375,두부,20g,부재료
375,표고버섯,1/4개,부재료
375,계란,1개,부재료
375,간장,2큰술,양념
375,설탕,1큰술,양념
375,다진파,1큰술,양념
375,다진마늘,1작은술,양념
375,양파,1개,주재료
374,해초,60g,주재료
374,미역,30g,주재료
374,오징어,1/4마리,부재료
374,새우,2마리,부재료
374,간장,2큰술,양념
374,식용유,반컵,양념
374,흰후춧가루,약간,양념
374,양파,1/4개,양념
374,당근,1/4개,양념
374,사과,1/4개,양념
374,마늘,1작은술,양념
374,레몬,약간,양념
374,식초,2큰술,양념
373,꽃게,2마리,주재료
373,청고추,1개,부재료
373,맛살조개,40g,주재료
373,오징어,1/2마리,주재료
373,애호박,1/2개,부재료
373,무,1/4개,부재료
373,팽이버섯,1/2봉,부재료
373,홍고추,1개,부재료
373,대파,1/2뿌리,부재료
373,고추장,2큰술,양념
373,고춧가루,2큰술,양념
373,마늘,1/2큰술,양념
373,국간장,1큰술,양념
373,생강,1/2작은술,양념
373,소금,약간,양념
373,후춧가루,약간,양념
373,바지락,30g,주재료
372,쇠고기,30g,주재료
372,느타리버섯,15g,부재료
372,표고버섯,15g,부재료
372,팽이버섯,15g,부재료
372,계란,1개,부재료
372,다시마국물,5큰술,양념
372,간장,약간,양념
372,설탕,약간,양념
372,미림,약간,양념
372,실파,1뿌리,부재료
371,김,1/2장,부재료
371,와사비,약간,양념
371,대파,약간,부재료
371,설탕,40g,양념
371,조미술,1컵,양념
371,가쓰오브시국물,7컵,양념
371,메밀국수,150g,주재료
371,진간장,1컵,양념
370,쇠고기,250g,주재료
370,배추,50g,부재료
370,당근,20g,부재료
370,무,20g,부재료
370,팽이버섯,20g,부재료
370,표고버섯,1개,부재료
370,쑥갓,약간,부재료
370,다시마,20g,양념
370,국물용멸치,20g,양념
370,대파,1/3뿌리,부재료
370,가래떡,20g,부재료
370,죽순,30g,부재료
370,두부,1/8모,부재료
369,쇠고기스톡,3컵,부재료
369,토마토페이스트,1과1/2큰술,양념
369,버터,1/2큰술,부재료
369,당근,1/4개,주재료
369,파슬리가루,약간,양념
369,샐러리,1/3대,주재료
369,피망,1개,주재료
369,무,20g,주재료
369,양파,1/2개,주재료
368,게살,20g,주재료
368,새우,10g,주재료
368,두부,50g,부재료
368,흰살생선,20g,주재료
368,오징어,20g,주재료
368,미원,약간,주재료
368,육수,120g,부재료
368,계란흰자,1개,부재료
368,소금,약간,양념
368,정종,약간,양념
368,참기름,약간,양념
368,전분,30g,부재료
367,새우,12마리,주재료
367,참기름,1작은술,양념
367,계란,1개,부재료
367,식용유,약간,부재료
367,양파,1/2개,부재료
367,마늘,1쪽,부재료
367,청고추,1개,부재료
367,홍고추,1개,부재료
367,대파,1/2뿌리,부재료
367,생강,1쪽,부재료
367,간장,1큰술,양념
367,식초,1큰술,양념
367,육수,1큰술,양념
367,후춧가루,약간,양념
367,녹말,1/2컵,부재료
366,연어알,60g,주재료
366,밥,2공기,주재료
366,와사비,약간,부재료
366,소금,1/4큰술,양념
366,식초,1과1/2큰술,양념
366,설탕,2/3큰술,양념
366,김,2장,부재료
365,미나리,6줄기,부재료
365,팽이버섯,30g,부재료
365,계란,2개,부재료
365,가쓰오브시국물,14큰술,양념
365,미림,2작은술,양념
365,설탕,2큰술,양념
365,밥,2공기,주재료
365,쇠고기,60g,주재료
365,양파,1/2개,부재료
365,간장,4큰술,양념
364,콩나물,40g,주재료
364,미나리,3줄기,주재료
364,고춧가루,1큰술,양념
364,다진마늘,약간,양념
364,참기름,약간,양념
364,깨소금,약간,양념
364,다진파,약간,양념
364,소금,약간,양념
363,냉동만두,1/2봉지,주재료
363,양상추,3잎,주재료
363,오이,1/3개,부재료
363,양파,1/2개,부재료
363,마요네즈,1큰술,양념
363,토마토,1개,부재료
363,머스터드,2큰술,양념
363,꿀,1큰술,양념
363,식초,1/2큰술,양념
363,올리브,5개,부재료
362,찹쌀가루,160g,주재료
362,소금,약간,양념
362,대추,2알,부재료
362,물,3큰술,양념
362,식용유,적당량,부재료
362,설탕,3큰술,양념
362,쑥갓,약간,부재료
361,무,2011-01-02,주재료
361,미나리,10줄기,부재료
361,배,2011-01-03,부재료
361,식초,1큰술,양념
361,생강,약간,부재료
361,소금,1큰술,양념
361,설탕,1큰술,양념
361,당근,1/4개,부재료
360,찹쌀,40g,주재료
360,팥,20g,부재료
360,수수,30g,부재료
360,쌀,40g,주재료
360,쇠고기,20g,부재료
360,김,1장,부재료
360,콩,30g,부재료
360,간장,약간,양념
360,참기름,약간,양념
360,후춧가루,약간,양념
360,깨소금,약간,양념
360,조,30g,부재료
360,미나리,2줄기,부재료
359,게살,50g,부재료
359,오이,20g,부재료
359,아보카도,1/2개,부재료
359,계란,1개,부재료
359,박고지,1줄기,부재료
359,날치알,3큰술,부재료
359,초생강,약간,부재료
359,통깨,약간,양념
359,밥,1그릇,주재료
359,식초,1과1/2큰술,양념
359,설탕,2/3큰술,양념
359,소금,1/4큰술,양념
359,단무지,약간,부재료
359,김,1장,주재료
358,소금,1/4큰술,양념
358,김,5장,주재료
358,계란노른자,3개,부재료
358,설탕,2/3큰술,양념
358,파슬리,2큰술,양념
358,밥,1공기,주재료
358,식초,1과1/2큰술,양념
358,오보로,2큰술,부재료
357,페투치네,200g,주재료
357,베이컨,120g,주재료
357,양파,1/2개,부재료
357,생크림,100cc,부재료
357,계란노른자,2개,부재료
357,오레가노,약간,양념
357,올리브오일,약간,부재료
357,소금,약간,양념
357,흰후추,약간,양념
357,바질,약간,양념
357,마늘,2쪽,양념
356,돼지고기,600g,주재료
356,양파,15g,부재료
356,당근,10g,부재료
356,깻잎,15g,부재료
356,대파,1뿌리,부재료
356,설탕,약간,양념
356,소금,약간,양념
356,식초,약간,양념
356,통후추,약간,양념
356,양겨자,1큰술,양념
355,쌀,1컵,주재료
355,시금치,30g,주재료
355,일본된장,1큰술,양념
355,가쓰오브시,약간,양념
355,쇠고기,15g,부재료
355,참기름,약간,양념
355,다시마,1장,양념
354,고구마,2개,주재료
354,생크림,1/3컵,부재료
354,파슬리가루,약간,양념
354,소금,약간,양념
354,치즈가루,약간,양념
354,모짜렐라치즈,50g,부재료
353,두부,1/2모,주재료
353,양배추,15g,주재료
353,양파,15g,부재료
353,대파,5g,부재료
353,홍고추,1개,부재료
353,깨소금,약간,양념
353,다진파,1큰술,양념
353,다진마늘,1/2큰술,양념
353,고춧가루,1과1/2큰술,양념
353,간장,2큰술,양념
353,참기름,약간,양념
353,풋고추,1개,부재료
352,고등어,1마리,주재료
352,무,1/2개,부재료
352,대파,2뿌리,부재료
352,다시마국물,7컵,부재료
352,된장,50g,양념
352,술,2011-03-04,양념
352,간장,3큰술,양념
352,미림,6큰술,양념
352,설탕,3큰술,양념
351,식용유,약간,부재료
351,참기름,약간,양념
351,깨소금,약간,양념
351,소금,약간,양념
351,무,70g,주재료
350,라이스페이퍼,8장,주재료
350,소금,약간,양념
350,오징어,1/2마리,주재료
350,오이,1/2개,부재료
350,양파,1/2개,부재료
350,표고버섯,3장,부재료
350,키위,1개,부재료
350,파인애플,1쪽,부재료
350,간장,1큰술,양념
350,물,1큰술,양념
350,청고추,1작은술,양념
350,설탕,약간,양념
350,깨소금,약간,양념
350,다진홍고추,1작은술,양념
350,당근,1/2개,부재료
350,식초,약간,양념
350,쌀국수,50g,주재료
349,스파게티,200g,주재료
349,소금,약간,양념
349,오징어,1/2마리,주재료
349,새우,3마리,주재료
349,양파,1/2개,부재료
349,샐러리,1대,부재료
349,양송이,2개,부재료
349,다진마늘,1작은술,부재료
349,홀토마토,1/2컵,주재료
349,버터,1큰술,부재료
349,밀가루,1큰술,부재료
349,오레가노,약간,양념
349,올리브오일,2큰술,부재료
349,파마산치즈,약간,양념
349,토마토,1개,부재료
349,후춧가루,약간,양념
349,홍합,100g,주재료
348,단호박,100g,주재료
348,계란,1개,부재료
348,식용유,2컵,부재료
348,튀김가루,50g,부재료
348,밀가루,50g,부재료
347,파래,50g,주재료
347,당근,10g,부재료
347,간장,1큰술,양념
347,설탕,2큰술,양념
347,식초,1과1/2큰술,양념
347,참기름,약간,양념
347,깨소금,약간,양념
346,쇠고기,2쪽,주재료
346,당근,20g,부재료
346,감자,20g,부재료
346,오이,20g,부재료
346,밀가루,4큰술,부재료
346,레드와인,4큰술,양념
346,육수,3컵,부재료
346,우스터소스,1큰술,양념
346,토마토페스트,1큰술,양념
346,소금,1작은술,양념
346,후춧가루,약간,양념
346,버터,4큰술,부재료
345,소금,약간,양념
345,참기름,약간,양념
345,칼국수,120g,주재료
345,다시마,10g,양념
345,새우,4마리,주재료
345,간장,2큰술,양념
345,호박,15g,부재료
345,감자,15g,부재료
345,대파,5g,부재료
345,청고추,5g,부재료
345,바지락,100g,주재료
344,무,1/4개,주재료
344,고춧가루,1작은술,양념
344,식초,1과 1/2큰술,양념
344,설탕,1과 2/3큰술,양념
344,깨소금,약간,양념
344,참기름,약간,양념
344,다진파,1작은술,부재료
344,다진마늘,1/2작은술,부재료
344,소금,약간,양념
343,오징어,1마리,주재료
343,소금,3큰술,양념
343,다진파,1큰술,양념
343,다진마늘,1/2큰술,양념
343,다진생강,1/4큰술,양념
343,고춧가루,2큰술,양념
342,꽁치,1마리,주재료
342,소금,3큰술,양념
342,간장,1큰술,양념
342,레몬,1/8조각,양념
342,와사비,약간,양념
341,호박,20g,주재료
341,양파,20g,주재료
341,두부,15g,주재료
341,소금,약간,양념
341,홍고추,1/2개,부재료
341,된장,한큰술,양념
341,국멸치,5개,양념
341,대파,5g,부재료
340,상추,10g,주재료
340,들깻잎,10g,주재료
340,쑥갓,5g,주재료
340,케일,10g,주재료
340,깨소금,약간,양념
340,설탕,1/2작은술,양념
340,식초,1/2작은술,양념
340,조림간장,1/4작은술,양념
340,참기름,약간,양념
340,고춧가루,1작은술,양념
339,찹쌀,1/4되,주재료
339,콩,1/2컵,부재료
339,소금,1큰술,양념
338,밥,60g,주재료
338,보리,10g,주재료
338,콩나물,40g,주재료
338,소금,1큰술,양념
338,당근,15g,부재료
338,다진쇠고기,30g,주재료
338,오이,20g,주재료
337,당근,1/4개,부재료
337,옥수수통조림,2큰술,부재료
337,다진파,1큰술,양념
337,소금,약간,양념
337,청정원맛선생,약간,양념
337,설탕,1/4작은술,양념
337,계란,2개,주재료
337,시금치,10g,부재료
337,물,1/2컵,양념
337,후춧가루,약간,양념
336,닭살,100g,주재료
336,닭육수,200g,주재료
336,죽순,10g,주재료
336,당근,10g,부재료
336,실파,2뿌리,부재료
336,녹말,약간,부재료
336,표고버섯,1개,부재료
336,소금,약간,양념
336,후춧가루,약간,양념
336,참기름,약간,양념
336,계란,1개,부재료
335,바게트,1개,주재료
335,파슬리가루,1작은술,부재료
335,마늘,2톨,부재료
335,버터,2큰술,부재료
334,감자,300g,주재료
334,양파,60g,주재료
334,대파,30g,주재료
334,버터,30g,주재료
334,후춧가루,약간,양념
334,계란노른자,1개,부재료
334,생크림,84g,부재료
334,소금,약간,양념
334,육수,750g,주재료
333,닭다리,150g,주재료
333,대파,1뿌리,양념
333,생강,1쪽,양념
333,맛술,1큰술,양념
333,물,10컵,주재료
333,후춧가루,약간,양념
333,중국부추,50g,주재료
333,당근,50g,부재료
333,간장,1큰술,양념
333,소금,약간,양념
333,소면,400g,주재료
332,김,2장,주재료
332,오징어,1/2마리,주재료
332,무,30g,주재료
332,고춧가루,3큰술,주재료
332,설탕,2큰술,양념
332,밥,2공기,주재료
332,까나리액젓,1큰술,양념
332,참기름,약간,양념
332,깨소금,약간,양념
332,다진파,약간,양념
332,다진마늘,약간,양념
332,식초,4큰술,양념
331,고추,150g,주재료
331,찹쌀가루,1/2컵,주재료
331,설탕,약간,주재료
331,소금,약간,주재료
331,식용유,4컵,부재료
330,쇠고기,200g,주재료
330,찹쌀가루,1/2컵,주재료
330,간장,2큰술,양념
330,후춧가루,약간,양념
330,설탕,2큰술,주재료
330,기름,1/4컵,부재료
330,겨자,2큰술,주재료
330,식초,2큰술,주재료
330,참기름,약간,양념
329,미림,약간,양념
329,대구,1/2마리,주재료
329,무,30g,주재료
329,콩나물,25g,주재료
329,홍고추,1개,주재료
329,후춧가루,약간,양념
329,미나리,20g,주재료
329,팽이버섯,20g,부재료
329,고춧가루,2큰술,양념
329,고추장,1큰술,양념
329,소금,약간,양념
329,청고추,1개,주재료
328,완두콩,3큰술,주재료
328,옥수수,3큰술,주재료
328,당근,1/4개,주재료
328,감자,1/4개,주재료
328,껍질콩,5개,주재료
328,참기름,1큰술,양념
328,간장,1/2큰술,양념
328,굴소스,1/2큰술,양념
328,식용유,약간,부재료
328,소금,약간,양념
328,후춧가루,약간,양념
328,다진마늘,1작은술,양념
327,밥,2공기,주재료
327,오징어,1마리,주재료
327,양파,2/3개,부재료
327,피망,1/2개,부재료
327,실파,10g,부재료
327,식용유,약간,부재료
327,후춧가루,약간,양념
327,고추장,1큰술,양념
327,두반장,1큰술,양념
327,설탕,약간,양념
327,깨소금,약간,양념
327,소금,약간,양념
327,물,1/3컵,양념
326,미역,150g,주재료
326,홍합,10개,주재료
326,소금,1작은술,양념
326,후춧가루,1/4작은술,양념
326,간장,3큰술,양념
326,물,3큰술,부재료
326,참기름,1큰술,주재료
325,찹쌀,1컵,주재료
325,양송이버섯,5개,주재료
325,호박,50g,부재료
325,실파,3뿌리,부재료
325,당근,30g,부재료
325,소금,1작은술,양념
325,양파,1/3개,부재료
325,참기름,1큰술,양념
325,물,6컵,양념
325,깨소금,1큰술,양념
325,깻잎,3장,부재료
324,청피망,1/2개,주재료
324,파,2큰술,양념
324,다진마늘,2작은술,양념
324,고춧가루,2작은술,양념
324,간장,1큰술,양념
324,홍피망,1/2개,주재료
324,애호박,1개,주재료
324,식용유,적당량,주재료
324,참기름,1작은술,양념
324,깨소금,약간,양념
324,참기름,약간,양념
324,새우젓국,1큰술,양념
323,도라지,100g,주재료
323,오이,1개,부재료
323,오징어,1마리,주재료
323,고추장,2큰술,양념
323,고춧가루,1작은술,양념
323,소금,약간,부재료
323,식초,2큰술,양념
323,물엿,1큰술,양념
323,참기름,약간,양념
323,깨소금,약간,양념
323,간장,1작은술,양념
322,칼국수,300g,주재료
322,바지락,200g,주재료
322,양파,1개,부재료
322,애호박,1/4개,주재료
322,후춧가루,약간,양념
322,맛술,1큰술,양념
322,청장,2큰술,양념
322,소금,약간,양념
322,다진마늘,1큰술,양념
321,오징어채,100g,주재료
321,고추장,1큰술,주재료
321,설탕,1큰술,주재료
321,참기름,1작은술,양념
321,식용유,2큰술,부재료
321,물엿,1작은술,양념
321,술,1큰술,양념
320,김치,1/3포기,주재료
320,밥,2공기,주재료
320,감자,1/4개,부재료
320,양파,1/2개,부재료
320,계란,2개,부재료
320,식용유,약간,부재료
320,소금,약간,양념
320,후춧가루,약간,양념
320,햄,60g,부재료
319,닭봉,10개,주재료
319,도라지,100g,부재료
319,대파,2뿌리,주재료
319,마늘,3쪽,부재료
319,생강,1개,부재료
319,고춧가루,3큰술,양념
319,후춧가루,적당량,양념
319,다진마늘,1큰술,양념
319,생강즙,2작은술,양념
319,간장,2큰술,양념
319,참기름,1큰술,양념
319,소금,적당량,양념
319,고사리,100g,주재료
319,닭육수,3큰술,양념
318,파스타,250g,주재료
318,표고버섯,150g,주재료
318,느타리버섯,100g,주재료
318,양송이버섯,100g,주재료
318,올리브오일,적당량,부재료
318,파,1대,부재료
318,화이트와인,3큰술,양념
318,간장,3큰술,양념
318,다진마늘,2큰술,양념
317,설탕,1큰술,양념
317,소금,약간,양념
317,후춧가루,약간,양념
317,쌀국수,30g,주재료
317,돼지고기,20g,주재료
317,간장,1작은술,양념
317,청고추,1개,부재료
317,대파,1/2뿌리,양념
317,마늘,1쪽,양념
317,생강,1작은술,양념
317,굴소스,1큰술,양념
317,숙주나물,30g,주재료
316,돼지고기,300g,주재료
316,부추,200g,주재료
316,대파,1/2뿌리,부재료
316,생강,1큰술,양념
316,밀가루,3컵,주재료
316,소금,1작은술,양념
316,참기름,1큰술,양념
316,후춧가루,약간,양념
316,간장,2큰술,양념
315,쇠고기,400g,주재료
315,새송이버섯,300g,주재료
315,진간장,3큰술,양념
315,설탕,2큰술,양념
315,다진파,1과1/2큰술,양념
315,소금,2작은술,양념
315,깨소금,1큰술,양념
315,후춧가루,적당량,양념
315,참기름,적당량,양념
315,잣가루,약간,주재료
315,다진마늘,1큰술,양념
314,닭안심,500g,주재료
314,표고버섯,3장,주재료
314,느타리버섯,30g,주재료
314,팽이버섯,30g,주재료
314,당근,30g,부재료
314,청고추,1개,부재료
314,계란노른자,1개,양념
314,간장,1큰술,양념
314,설탕,1/2큰술,양념
314,청주,1작은술,양념
314,소금,약간,양념
314,후춧가루,약간,양념
314,계란,1개,부재료
313,쇠고기,400g,주재료
313,무순,50g,주재료
313,양배추,70g,주재료
313,당근,50g,주재료
313,맛술,4큰술,부재료
313,물,1작은술,양념
313,설탕,적당량,부재료
313,고추냉이,1작은술,양념
313,간장,1큰술,양념
313,식초,2/3큰술,양념
313,간장,2큰술,부재료
312,밀가루,1컵,주재료
312,찹쌀가루,4큰술,주재료
312,계란,2개,부재료
312,식용유,적당량,부재료
312,부추,200g,주재료
312,청고추,10개,주재료
312,오징어,1마리,주재료
312,물,1컵,부재료
311,다진마늘,2작은술,양념
311,쌀뜨물,2과1/2컵,부재료
311,홍고추,1개,부재료
311,청국장,3큰술,주재료
311,팽이버섯,30g,부재료
311,청고추,1개,부재료
311,양송이버섯,30g,부재료
311,느타리버섯,70g,주재료
311,호박,70g,부재료
311,두부,80g,부재료
311,대파,1/2뿌리,부재료
311,표고버섯,30g,주재료
310,가지,1개,주재료
310,쇠고기,100g,주재료
310,청고추,2개,부재료
310,홍고추,1개,부재료
310,대파,1/2뿌리,부재료
310,참기름,적당량,양념
310,간장,1큰술,양념
310,청주,1큰술,양념
310,소금,1/2큰술씩,양념
310,설탕,1/2큰술씩,양념
310,깨소금,적당량,양념
310,다진마늘,1/2큰술,양념
309,바지락,2봉지,주재료
309,다진마늘,2큰술,양념
309,대파,1뿌리,양념
309,식용유,적당량,부재료
309,청고추,2개,부재료
309,두반장,2과1/2큰술,양념
309,설탕,1큰술,양념
309,마른고추,2개,양념
308,쇠고기,150g,주재료
308,녹말,8큰술,부재료
308,해삼,80g,주재료
308,표고버섯,2장,부재료
308,죽순,1개,부재료
308,부추,30g,부재료
308,완두콩,20g,부재료
308,대파,1뿌리,부재료
308,마늘,2쪽,양념
308,생강,약간,양념
308,간장,2큰술,양념
308,굴소스,1큰술,양념
308,청주,1큰술,양념
308,후춧가루,약간,양념
308,참기름,약간,양념
308,식용유,3큰술,부재료
308,물,1과1/2컵,부재료
308,새우,50g,주재료
307,고등어,1마리,주재료
307,배추김치,1/4포기,주재료
307,물,2컵,부재료
307,파,1뿌리,부재료
307,설탕,1큰술,양념
307,다진생강,1큰술,양념
307,진간장,2큰술,양념
307,고춧가루,½큰술,양념
307,다진마늘,1큰술,양념
306,라면,1봉,주재료
306,떡,30g,주재료
306,어묵,30g,주재료
306,고춧가루,1/2큰술,양념
306,마늘,1큰술,부재료
306,고추장,1과1/2큰술,양념
306,설탕,1큰술,양념
306,대파,적당량,부재료
305,아욱,200g,주재료
305,쌀뜨물,5컵,부재료
305,된장,2과1/2큰술,양념
305,후춧가루,약간,양념
305,멸치,4마리,양념
305,대파,약간,부재료
305,마늘,1/2큰술,양념
305,모시조개,10개,부재료
304,쌀국수,500g,주재료
304,다진파,1큰술,양념
304,양파,1/2개,부재료
304,새우,8마리,부재료
304,상추,8잎,부재료
304,레몬,1개,부재료
304,육수,1과1/2컵,양념
304,간장,3큰술,양념
304,식초,1/4컵,양념
304,설탕,2큰술,양념
304,실파,1/2컵,양념
304,다진고추,2큰술,양념
304,소금,약간,양념
304,후추,약간,양념
304,다진마늘,1/2큰술,양념
304,쇠고기,200g,부재료
303,깻잎,30장,주재료
303,소금,4큰술,양념
303,된장,적당량,양념
302,강력분,500g,주재료
302,설탕,75g,주재료
302,소금,10g,부재료
302,쑥,10g,주재료
302,버터,150g,부재료
302,계란,5개,부재료
302,물,250g,부재료
302,이스트,35g,부재료
301,밥,2공기,주재료
301,참기름,적당량,양념
301,양파,1/2개,부재료
301,쇠고기,100g,부재료
301,느타리버섯,30g,주재료
301,팽이버섯,30g,주재료
301,목이버섯,30g,주재료
301,당근,30g,부재료
301,실파,60g,부재료
301,햇살담은간장,1큰술,양념
301,소금,적당량,양념
301,후춧가루,적당량,양념
301,참기름,적당량,양념
301,깨소금,적당량,양념
301,간장,1큰술,양념
301,설탕,1/2큰술,양념
301,다진파,1/2큰술,양념
301,다진마늘,1/2큰술,양념
301,당면,300g,주재료
300,다시마,200g,주재료
300,맛살,2개,부재료
300,당근,30g,부재료
300,청고추,1개,부재료
300,실파,3뿌리,부재료
300,식용유,약간,부재료
300,생강즙,1작은술,양념
300,청주,1/2큰술,양념
300,소금,적당량,양념
300,후춧가루,적당량,양념
300,참기름,약간,양념
300,마늘,1큰술,양념
299,밥,한공기,주재료
299,열무김치,300g,주재료
299,쇠고기,150g,주재료
299,간장,1큰술,부재료
299,설탕,1/2큰술,부재료
299,다진파,2작은술,부재료
299,열무김치,3큰술,양념
299,참기름,1작은술,부재료
299,고추장,3큰술,양념
299,설탕,1큰술,양념
299,마늘,1큰술,양념
299,참기름,1큰술,양념
299,다진마늘,1작은술,부재료
298,베이컨,15장,주재료
298,샐러리,20g,부재료
298,프랑크소시지,4~5개,부재료
298,게맛살,2개,부재료
298,팽이버섯,적당량,부재료
298,레몬즙,1큰술,양념
298,흰떡,5개,부재료
298,마요네즈,2큰술,양념
298,머스터드,1큰술,양념
298,간장,1작은술,양념
298,피망,적당량,부재료
297,닭,300g,주재료
297,고구마,1/2개,부재료
297,양배추,1/4개,부재료
297,양파,1/2개,부재료
297,흰떡,적당량,부재료
297,깻잎,5~6장,부재료
297,참기름,약간,양념
297,고춧가루,1큰술,양념
297,설탕,2큰술,양념
297,간장,2큰술,양념
297,깨소금,1큰술,양념
297,생강즙,1큰술,주재료
297,고추장,2큰술,양념
296,순대,300g,주재료
296,양배추,1/4통,부재료
296,양파,1개,부재료
296,깻잎,적당량,부재료
296,쫄면,100g,부재료
296,식용유,적당량,부재료
296,간장,1큰술,양념
296,설탕,2큰술,양념
296,들깻가루,1큰술,양념
296,다진마늘,1큰술,양념
296,고춧가루,3큰술,양념
295,닭,500g,주재료
295,파인애플,2조각,부재료
295,브로콜리,150g,부재료
295,당근,150g,부재료
295,설탕,5큰술,양념
295,청주,약간,양념
295,숙주,20g,부재료
295,밥,1공기,부재료
295,청피망,1/2개,부재료
295,계란,1개,부재료
295,간장,1컵,양념
295,참기름,약간,양념
295,식용유,약간,양념
295,물,약간,양념
294,코다리,1마리,주재료
294,양파,1/2개,부재료
294,청고추,1개,부재료
294,간장,2큰술,양념
294,설탕,2큰술,양념
294,물,3큰술,양념
294,다진마늘,약간,양념
294,참기름,1/2작은술,양념
294,후춧가루,약간,양념
294,깨소금,약간,부재료
294,다진파,약간,양념
293,감자,2개,주재료
293,양파,1개,부재료
293,소금,약간,양념
293,크림수프,1컵,부재료
293,모짜렐라치즈,100g,부재료
293,베이컨,3줄,부재료
292,[멸치장국] 국멸치,5마리,부재료
292,참기름,1/2작은술,부재료
292,당근,25g,부재료
292,채썬쇠고기,20g,주재료
292,계란,1개,부재료
292,소면,300g,주재료
292,소금,약간,부재료
292,후춧가루,약간,부재료
292,국간장,2큰술,부재료
292,간장,4큰술,양념
292,고춧가루,2큰술,양념
292,다진파,1큰술,양념
292,참기름,1작은술,양념
292,깨소금,약간,부재료
292,[불고기양념] 간장,1/2작은술,부재료
292,설탕,1/2작은술,부재료
292,호박,25g,부재료
291,밥,2공기,주재료
291,소금,1작은술,양념
291,참기름,1큰술,양념
291,김칫잎,8장,주재료
291,다진파,1큰술,양념
291,조미료,약간,양념
291,설탕,1작은술,양념
290,토마토,1개,주재료
290,식용유,약간,주재료
290,간장,2큰술,부재료
290,설탕,1큰술,부재료
290,조미술,1큰술,부재료
290,후춧가루,약간,부재료
290,양파,1개,주재료
290,케첩,1/2큰술,양념
290,핫소스,2큰술,양념
290,춘권피,10장,주재료
290,쇠고기,300g,주재료
290,깻잎,20장,주재료
290,무순,1팩,주재료
290,토마토,1/2개,양념
289,가래떡,500g,주재료
289,다진마늘,1/2작은술,양념
289,당근,1/2개,부재료
289,청피망,1/2개,부재료
289,채썬쇠고기,300g,주재료
289,간장,2큰술,양념
289,설탕,1/2큰술,양념
289,참기름,1/2작은술,양념
289,후춧가루,약간,양념
289,[쇠고기양념] 간장,3큰술,양념
289,설탕,1과1/2큰술,양념
289,참기름,1작은술,양념
289,표고버섯,3장,부재료
289,후춧가루,약간,양념
289,양파,1/2개,부재료
288,돼지고기,2장,주재료
288,모짜렐라치즈,50g,주재료
288,청피망,1/2개,부재료
288,밀가루,1/2컵,부재료
288,계란,1개,부재료
288,빵가루,1컵,부재료
288,소금,약간,양념
288,생강즙,1/2작은술,양념
287,꽁치통조림,1캔,주재료
287,김치,300g,주재료
287,다진마늘,1/2작은술,양념
287,다진대파,1/2작은술,양념
287,물,2컵,부재료
287,고춧가루,1큰술,양념
287,간장,2큰술,양념
287,설탕,1큰술,양념
287,참기름,1작은술,양념
286,밥,3공기,주재료
286,옥수수통조림,300g,주재료
286,피망,1/2개,부재료
286,후춧가루,약간,양념
286,양파,50g,부재료
286,당근,50g,부재료
286,소금,약간,양념
286,햄,50g,부재료
285,오징어,1마리,주재료
285,후춧가루,약간,양념
285,가래떡,50g,주재료
285,피망,1개,부재료
285,고추장,2큰술,양념
285,설탕,1큰술,양념
285,식초,1큰술,양념
285,케첩,2큰술,양념
285,간장,약간,양념
285,고춧가루,약간,양념
285,다진마늘,적당량,양념
285,다진파,적당량,양념
285,핫소스,약간,양념
285,참기름,약간,양념
285,새우,50g,주재료
284,우유,2와1/2컵,주재료
284,생크림,1/2컵,주재료
284,소금,약간,양념
284,밀가루,50g,부재료
284,브로콜리,400g,주재료
284,버터,50g,부재료
284,후춧가루,약간,양념
283,양상추,4장,주재료
283,오이피클,1/2개,부재료
283,무순,약간,부재료
283,체리,약간,부재료
283,땅콩버터,약간,양념
283,훈제연어,100g,주재료
282,두부,1/2모,주재료
282,계란,3개,주재료
282,모시조개,70g,부재료
282,새우,5마리,부재료
282,간장,약간,양념
282,다시물,1과1/2컵,양념
282,은행,약간,양념
282,조미술,약간,양념
282,소금,약간,양념
282,표고버섯,1개,부재료
281,밥,4공기,주재료
281,다진마늘,약간,양념
281,오이,1/3개,부재료
281,대파,약간,부재료
281,도라지,20g,부재료
281,고사리,20g,부재료
281,당근,1/4개,부재료
281,간장,2큰술,양념
281,식초,약간,양념
281,고춧가루,1작은술,양념
281,설탕,2작은술,양념
281,참기름,약간,양념
281,소금,약간,양념
281,다진파,약간,양념
281,상추,3잎,주재료
280,풋마늘,8뿌리,주재료
280,갑오징어,2마리,주재료
280,간장,2큰술,양념
280,다진파,2작은술,양념
280,다진마늘,1작은술,양념
280,꼬치,8개,부재료
280,깨소금,2작은술,양념
280,생강즙,1/2작은술,양념
280,밀가루,1/2컵,부재료
280,물,1/2컵,부재료
280,참기름,2작은술,양념
279,돼지고기,100g,주재료
279,표고버섯,2장,주재료
279,양파,1/2개,부재료
279,피망,1/2개,부재료
279,청고추,1개,부재료
279,대파,1/2뿌리,부재료
279,조미술,약간,양념
279,생강,1쪽,부재료
279,녹말,약간,부재료
279,소금,약간,양념
279,굴소스,1큰술,양념
279,후춧가루,약간,양념
279,마늘,3쪽,부재료
278,밀가루,2컵,주재료
278,식용유,1큰술,양념
278,녹말,4큰술,양념
278,간장,2큰술,양념
278,다진파,약간,양념
278,다진마늘,약간,양념
278,후춧가루,약간,양념
278,참기름,약간,양념
278,소금,1/2작은술,부재료
278,육수,4컵,부재료
278,팽이버섯,1봉,부재료
278,쑥갓,약간,부재료
278,쇠고기,200g,주재료
278,배추,200g,주재료
278,부추,100g,부재료
278,물,2/3컵,부재료
277,아스파라거스,100g,주재료
277,새우,200g,주재료
277,샐러리,2대,부재료
277,참기름,약간,양념
277,소금,약간,양념
277,후춧가루,약간,양념
277,미림,1큰술,양념
276,닭,300g,주재료
276,당근,50g,부재료
276,완두콩통조림,3큰술,부재료
276,옥수수통조림,3큰술,부재료
276,설탕,1큰술,양념
276,버터,2큰술,부재료
276,토마토케첩,1/3컵,양념
276,우스터소스,3큰술,양념
276,식용유,3큰술,부재료
275,해파리,80g,주재료
275,참기름,약간,양념
275,쭈꾸미,20g,주재료
275,오이,1/3개,부재료
275,당근,1/4개,부재료
275,홍피망,1/2개,부재료
275,계란,1개,부재료
275,겨자,2큰술,양념
275,머스터드,1/2큰술,양념
275,마늘,2쪽,양념
275,식초,3큰술,양념
275,설탕,3큰술,양념
275,간장,약간,양념
275,소금,약간,양념
275,새우,6개,주재료
274,호박,1개,주재료
274,두부,1/2모,주재료
274,새우젓,2큰술,양념
274,파,1/2뿌리,부재료
274,참기름,약간,양념
274,다진마늘,1큰술,양념
274,물,3컵,부재료
274,식용유,약간,부재료
274,소금,약간,양념
274,청고추,3개,부재료
273,신김치,2포기,주재료
273,두부,1모,주재료
273,돼지고기,600g,주재료
273,소금,약간,양념
273,깻잎,1봉,부재료
273,대파,1/2뿌리,양념
273,생강,1쪽,양념
273,청고추,1개,부재료
272,후춧가루,약간,양념
272,고춧가루,2큰술,양념
272,파,2큰술,양념
272,육수,3큰술,양념
272,밥,4공기,주재료
272,닭,한마리,주재료
272,소금,약간,양념
272,오이,1개,부재료
272,김치,200g,부재료
272,마늘,3쪽,부재료
272,다진마늘,1큰술,양념
272,실파,약간,부재료
272,콩나물,300g,주재료
271,오징어,1마리,주재료
271,마늘,2쪽,부재료
271,대파,1뿌리,부재료
271,고추장,1큰술,양념
271,고춧가루,1/2큰술,양념
271,간장,1작은술,양념
271,물엿,1큰술,양념
271,양파즙,1큰술,양념
271,생강즙,1작은술,양념
271,다진파,약간,양념
271,다진마늘,1작은술,양념
271,깨소금,약간,양념
271,후춧가루,약간,양념
271,참기름,약간,양념
270,참나물,100g,주재료
270,고추장,1큰술,양념
270,참기름,약간,양념
270,다진파,1큰술,양념
270,깨소금,약간,양념
270,다진마늘,1/2큰술,양념
269,숙주,100g,주재료
269,미나리,50g,주재료
269,다진파,약간,양념
269,참기름,약간,양념
269,깨소금,약간,양념
269,실고추,약간,부재료
269,다진마늘,약간,양념
268,두릅,200g,주재료
268,된장,1큰술,주재료
268,다진파,2큰술,양념
268,다진마늘,1큰술,양념
268,설탕,약간,양념
268,참기름,1큰술,양념
268,실고추,1큰술,주재료
268,소금,약간,양념
268,깨소금,1큰술,양념
267,달래,500g,주재료
267,마늘,1/2쪽,양념
267,생강,1쪽,양념
267,통깨,약간,부재료
267,진간장,3큰술,양념
267,설탕,약간,양념
267,고춧가루,1/3컵,양념
266,달래,100g,주재료
266,굴,80g,주재료
266,청고추,1/2개,부재료
266,홍고추,1/2개,부재료
266,밀가루,1컵,주재료
266,실파,약간,부재료
266,물,2/3컵,부재료
266,간장,1큰술,양념
266,식초,1작은술,양념
266,다진마늘,약간,양념
266,깨소금,약간,양념
266,계란,1개,부재료
265,깨소금,약간,양념
265,다진마늘,약간,양념
265,다진생강,약간,양념
265,고들빼기,1관,주재료
265,실파,1단,부재료
265,대추,20개,부재료
265,갓,1단,부재료
265,고춧가루,1근,양념
265,멸치액젓,2컵,양념
265,설탕,3큰술,양념
265,밤,20개,부재료
265,고추,1근,양념
264,밀가루,3컵,주재료
264,시금치즙,6큰술,주재료
264,당근즙,6큰술,주재료
264,김,2장,부재료
264,멸치,30g,양념
264,다시마,1장,양념
264,청정원맛선생,약간,양념
264,호박,100g,부재료
264,양파,1/2개,부재료
264,대파,1/2뿌리,부재료
264,다진마늘,1큰술,양념
264,소금,약간,양념
264,진간장,약간,양념
264,감자,1개,부재료
263,불린미역,100g,주재료
263,유부,5장,주재료
263,두부,1/3모,주재료
263,실파,2뿌리,부재료
263,물,8컵,양념
263,된장,3큰술,양념
263,미림,2큰술,양념
263,다시마,2장,부재료
263,멸치,한줌,부재료
262,참치,1캔,주재료
262,랩,약간,부재료
262,계란노른자,3개,부재료
262,파슬리,1단,부재료
262,당근,1/3개,부재료
262,김,1/3장,주재료
262,게맛살,1줄,부재료
262,오이,1/3개,부재료
262,밥,3공기,주재료
262,맛소금,약간,양념
262,단무지,약간,부재료
262,매실장아찌,약간,부재료
262,깨소금,약간,양념
262,후춧가루,약간,양념
262,실파,1큰술,부재료
261,밀가루,1컵,주재료
261,참기름,2큰술,부재료
261,소금,약간,부재료
261,조청,약간,부재료
261,물,1/2컵,양념
261,청주,1큰술,부재료
261,설탕,1/2컵,양념
261,검은깨,약간,양념
261,생강즙,1큰술,부재료
260,소금,약간,부재료
260,땅콩가루,1큰술,양념
260,식초,1큰술,양념
260,간장,1/2큰술,양념
260,겨자,1/2큰술,양념
260,황설탕,1/2큰술,양념
260,오이,1/2개,부재료
260,참기름,약간,양념
260,두부,1/2모,주재료
260,쇠고기,80g,주재료
260,양배추,50,부재료
260,당근,50g,부재료
260,소금,약간,양념
259,가래떡,400g,주재료
259,쇠고기,80g,주재료
259,신김치,100g,부재료
259,양파,1/2개,부재료
259,통깨,약간,양념
259,당근,30g,부재료
259,참기름,약간,양념
259,깨소금,약간,양념
259,소금,약간,양념
259,피망,1/2개,부재료
258,콩나물,50g,주재료
258,도라지,50g,주재료
258,시금치,50g,주재료
258,고사리,50g,주재료
258,간장,2큰술,부재료
258,다진파,3큰술,양념
258,물,약간,부재료
258,식용유,6큰술,부재료
258,깨소금,1큰술,양념
258,참기름,1큰술,양념
258,소금,약간,양념
258,들깻가루,약간,양념
258,다진마늘,1큰술,양념
257,쌀,1컵,주재료
257,밤,2개,주재료
257,고구마,1/3개,주재료
257,은행,6알,주재료
257,대추,4알,주재료
257,깨소금,약간,양념
257,참기름,약간,양념
257,간장,2컵,양념
257,다시물,1큰술,양념
257,다진파,약간,양념
257,다진마늘,약간,양념
257,다시물,1컵,양념
256,닭다리,5개,주재료
256,토마토케첩,1큰술,양념
256,간장,1큰술,부재료
256,녹말,2큰술,부재료
256,식용유,4큰술,부재료
256,마른고추,3개,부재료
256,마늘,3쪽,부재료
256,생강,1개,부재료
256,실파,5뿌리,부재료
256,굴소스,1큰술,양념
256,간장,2큰술,양념
256,식초,1큰술,양념
256,맛술,3큰술,양념
256,설탕,2큰술,양념
256,오이,1개,부재료
255,어묵,100g,주재료
255,계란,1개,부재료
255,멸치,100g,양념
255,다시마,1장,양념
255,무,50g,주재료
255,청주,2Ts,양념
255,물,4C,부재료
255,겨자가루,1Ts,양념
255,소금,약간,양념
255,간장,3Ts,양념
254,밥,2인분,주재료
254,피쉬소스,약간,양념
254,쇠고기,50g,주재료
254,양파,1개,부재료
254,느타리버섯,50g,주재료
254,당근,20g,부재료
254,멸칫국물,1컵,양념
254,간장,1큰술,양념
254,실파,2뿌리,부재료
254,다진마늘,1/2큰술,양념
254,녹말,약간,부재료
254,깨소금,약간,양념
254,참기름,약간,양념
254,소금,약간,양념
254,후춧가루,약간,양념
254,콩나물,100g,주재료
253,오징어,1마리,주재료
253,참기름,약간,양념
253,녹말,1컵,주재료
253,밀가루,1컵,부재료
253,물,1/4컵,부재료
253,소금,약간,양념
253,옥수수,3큰술,주재료
253,완두콩,3큰술,부재료
253,당근,30g,부재료
253,양파,1/4개,부재료
253,표고버섯,2장,부재료
253,육수,1/4컵,부재료
253,설탕,2큰술,양념
253,식초,2큰술,양념
253,간장,1큰술,양념
253,조미술,2큰술,양념
253,계란,1개,주재료
252,소면,2인분,주재료
252,김치,100g,주재료
252,오이,1/2개,주재료
252,양배추,2장,주재료
252,깻잎,10장,주재료
252,사이다,약간,양념
252,상추,4장,주재료
252,고추장,2큰술,양념
252,식초,2큰술,양념
252,설탕,1큰술,양념
252,청고추,1개,부재료
251,바게트,1/4개,주재료
251,모짜렐라치즈,100g,주재료
251,신김치,1/5포기,주재료
251,베이컨,2줄,부재료
251,당근,1/4개,부재료
251,식용유,약간,부재료
251,양송이,3개,부재료
251,파슬리가루,약간,부재료
251,소금,약간,양념
251,후춧가루,약간,양념
251,피망,1/4개,부재료
250,간장,2큰술,양념
250,다진파,1큰술,양념
250,고춧가루,1작은술,양념
250,다진마늘,1작은술,양념
250,깨소금,1작은술,양념
250,참기름,1큰술,양념
250,유부,5장,부재료
250,후춧가루,약간,양념
250,쇠고기,150g,주재료
250,콩나물,100g,주재료
250,미나리,50g,부재료
250,당근,50g,부재료
250,밥,4공기,주재료
249,잔멸치,100g,주재료
249,다진마늘,1/2작은술,양념
249,된장,1작은술,주재료
249,맛술,1/2큰술,양념
249,밥,4공기,주재료
249,설탕,2큰술,양념
249,식용유,1큰술,부재료
249,상추,2장,부재료
249,깨소금,약간,양념
249,간장,1작은술,양념
248,쇠고기,150g,주재료
248,참기름,약간,양념
248,표고버섯,2개,부재료
248,무,1/4개,부재료
248,팽이버섯,30g,부재료
248,미나리,3대,부재료
248,대파,1뿌리,부재료
248,홍고추,1개,부재료
248,양파,1/3개,부재료
248,물,3컵,부재료
248,소금,약간,양념
248,다진파,1작은술,양념
248,간장,2큰술,양념
248,다진마늘,1작은술,양념
248,설탕,1큰술,양념
248,깨소금,약간,양념
248,낙지,2마리,주재료
247,팥,2컵,주재료
247,설탕,2컵,주재료
247,대추,1개,부재료
247,인절미,100g,주재료
247,소금,약간,주재료
247,물,10컵,부재료
246,찬밥,1공기,주재료
246,참치,1/2통,주재료
246,양파,1/4개,주재료
246,당근,1/4개,주재료
246,실파,약간,부재료
246,후춧가루,약간,양념
246,계란,1개,부재료
246,밀가루,약간,부재료
246,식용유,약간,부재료
246,소금,약간,양념
246,청고추,1개,부재료
245,사골,300g,주재료
245,쇠고기,200g,주재료
245,우거지,200g,주재료
245,고춧가루,약간,양념
245,홍고추,1개,부재료
245,된장,2큰술,양념
245,다진마늘,2큰술,양념
245,대파,1뿌리,주재료
244,석이버섯,5잎,부재료
244,통깨,3큰술,양념
244,생굴,1컵,주재료
244,낙지,1마리,주재료
244,액체육젓,2컵,양념
244,소금,1컵,양념
244,설탕,5큰술,양념
244,배추,5포기,주재료
244,무,1개,주재료
244,미나리,1단,주재료
244,갓,1단,부재료
244,실파,1/2단,부재료
244,배,2개,부재료
244,마늘,15쪽,양념
244,생강,3톨,양념
244,밤,10개씩,부재료
244,은행,2큰술,부재료
244,고춧가루,3컵,양념
243,배추,1포기,주재료
243,물,10컵,양념
243,갓,1/2단,부재료
243,미나리,1/3단,부재료
243,실파,1/2단,주재료
243,배,1/2개,부재료
243,고추가루,1컵,양념
243,액체육젓,1/2컵,양념
243,마늘,1큰술,양념
243,생강,1작은술,양념
243,설탕,1큰술,양념
243,소금,약간,양념
243,통깨,약간,양념
243,[절임용 소금물] 소금,2컵,양념
243,밤,2컵,부재료
242,돼지고기,600g,주재료
242,식초,1큰술,양념
242,고춧가루,1큰술,주재료
242,간장,3큰술,부재료
242,맛술,2큰술,부재료
242,생강즙,2큰술,부재료
242,설탕,2큰술,부재료
242,다진마늘,2큰술,부재료
242,다진파,3큰술,부재료
242,깨소금,약간,부재료
242,후춧가루,약간,부재료
242,참기름,약간,부재료
242,된장,5큰술,양념
242,고추장,2큰술,양념
242,다진마늘,2큰술,양념
242,다진파,2큰술,양념
242,고추장,5큰술,부재료
241,가래떡,1줄,주재료
241,양파,1개,부재료
241,대파,1뿌리,부재료
241,피망,1개,부재료
241,비엔나소시지,10개,부재료
241,고추장,3큰술,양념
241,간장,1큰술,양념
241,물,1과1/2컵,부재료
241,설탕,2큰술,양념
241,물엿,1큰술,양념
240,다진파,3큰술,양념
240,맛술,3큰술,양념
240,후춧가루,약간,양념
240,참기름,약간,양념
240,깨소금,약간,양념
240,식용유,약간씩,부재료
240,감자,2개,주재료
240,당근,1개,주재료
240,무,1/4개,주재료
240,고춧가루,3큰술,부재료
240,고추장,4큰술,부재료
240,갈비,1.8Kg,주재료
240,양파,2개,주재료
240,생강즙,1큰술,양념
240,홍고추,5개,부재료
240,간장,3큰술,양념
240,설탕,2큰술,양념
240,다진마늘,2큰술,양념
239,홍합,400g,주재료
239,대파,1/2뿌리,주재료
239,홍고추,1개,주재료
239,물,약간,부재료
239,다진마늘,1작은술,양념
239,소금,약간,양념
239,실파,1뿌리,부재료
238,김치,1/2포기,주재료
238,참기름,약간,양념
238,다진쇠고기,100g,주재료
238,오이,1/2개,부재료
238,당근,1/2개,부재료
238,단무지,약간,부재료
238,미나리,30g,부재료
238,새우,10마리,부재료
238,청주,1큰술,양념
238,간장,1큰술,양념
238,설탕,1큰술,양념
238,다진마늘,1/2작은술,양념
238,다진파,1작은술,양념
238,후춧가루,약간,양념
238,밥,2공기,주재료
237,두부,1모,주재료
237,참기름,약간,양념
237,느타리버섯,50g,주재료
237,표고버섯,2장,주재료
237,팽이버섯,50g,주재료
237,김치,100g,부재료
237,양파,1/2개,부재료
237,청고추,1개,부재료
237,대파,1/2뿌리,부재료
237,고춧가루,1큰술,양념
237,간장,1큰술,양념
237,다진양파,1/4개,양념
237,다진파,1큰술,양념
237,다진마늘,1/2큰술,양념
237,물,1/4컵,부재료
237,깨소금,1큰술,양념
237,후춧가루,약간,양념
237,돼지고기,50g,주재료
236,두부,1/2모,주재료
236,굴,200g,주재료
236,양송이버섯,2개,주재료
236,마늘,2쪽,주재료
236,새우젓,약간,양념
236,청고추,1/2개,부재료
236,홍고추,1/2씩,부재료
236,소금,약간,양념
236,실파,2뿌리,부재료
235,멸치다시물,3컵,부재료
235,대파,1/2뿌리,부재료
235,후춧가루,약간,양념
235,진간장,약간,양념
235,고춧가루,3큰술,양념
235,다진마늘,3큰술,양념
235,양파즙,2큰술,양념
235,무즙,2큰술,양념
235,생태,1마리,주재료
235,바지락,50g,주재료
235,무,50g,주재료
235,호박,30g,부재료
235,두부,50g,부재료
235,팽이버섯,1/2봉지,부재료
235,미나리,50g,부재료
235,청고추,1/2개,부재료
235,홍고추,1/2개,부재료
235,소금,약간,양념
234,식용유,3컵,주재료
234,마른고추,5개,주재료
234,파,2큰술,부재료
234,고춧가루,2와1/2컵,부재료
234,다진마늘,2큰술,부재료
234,생강,1작은술,부재료
233,닭,100g,주재료
233,콘플레이크,1컵,주재료
233,카레가루,30g,주재료
233,계란,1개,부재료
233,소금,약간,양념
233,후춧가루,약간,양념
233,올리브오일,2큰술,부재료
233,다진마늘,1/2큰술,양념
233,다진양파,1/2큰술,양념
233,토마토케첩,1큰술,양념
233,간장,1/2큰술,양념
233,식초,1큰술,양념
233,고춧가루,1/4작은술,양념
232,가지,1개,주재료
232,고춧가루,1작은술,양념
232,밀가루,1큰술,부재료
232,다진파,약간,주재료
232,다진마늘,약간,주재료
232,소금,약간,양념
232,후춧가루,약간,양념
232,참기름,약간,양념
232,물,1컵,부재료
232,멸치,8g,부재료
232,양파,1/4개,부재료
232,청고추,1개,부재료
232,홍고추,1개,부재료
232,된장,1큰술,양념
232,돼지고기,50g,주재료
231,홍차티백,4개,주재료
231,물,2컵,부재료
231,계란,5개,주재료
231,양파,½개,부재료
231,물엿,2큰술,양념
231,간장,2큰술,양념
231,소금,1/2작은술,양념
231,설탕,1과1/2큰술,양념
231,마늘,2쪽,부재료
230,두부,200g,주재료
230,치즈,2장,주재료
230,방울토마토,3개,주재료
230,식용유,약간,부재료
230,치커리,약간,부재료
230,마요네즈,약간,양념
230,소금,약간,양념
230,토마토케첩,약간,양념
229,소금,약간,양념
229,후춧가루,약간,양념
229,두부,1모,주재료
229,다진쇠고기,90g,주재료
229,파슬리,약간,부재료
228,밥,3공기,주재료
228,다진마늘,1작은술,양념
228,오징어,1/2마리,주재료
228,양파,1/2개,부재료
228,당근,30g,부재료
228,실파,4뿌리,부재료
228,계란,2개,부재료
228,밀가루,3큰술,부재료
228,소금,약간,양념
228,후춧가루,약간,양념
228,깨소금,약간,양념
228,참기름,약간,양념
228,간장,1큰술,양념
228,식초,1작은술,양념
228,다진파,1큰술,양념
228,새우,100g,주재료
227,만두피,12장,주재료
227,후춧가루,약간,주재료
227,두부,1모,주재료
227,숙주,100g,주재료
227,김치,50g,부재료
227,양파,1개,부재료
227,미나리,50g,부재료
227,느타리버섯,100g,주재료
227,표고버섯,4장,주재료
227,대파,1/2뿌리,부재료
227,육수,4컵,부재료
227,고춧가루,2큰술,양념
227,진간장,2큰술,양념
227,다진파,2큰술,양념
227,다진마늘,1/2큰술,양념
227,생강,약간,양념
227,돼기고기,100g,주재료
226,참치,3쪽,주재료
226,물,3큰술,부재료
226,광어,20g,주재료
226,피조개,1개,주재료
226,갑오징어,20g,주재료
226,계란,2개,부재료
226,청어알,20g,부재료
226,연어알,20g,부재료
226,무순,20g,부재료
226,전복,1개,주재료
226,김,1장,부재료
226,생강,50g,부재료
226,초밥,3공기,주재료
226,와사비,3큰술,양념
226,새우,2마리,주재료
225,코다리,2마리,주재료
225,실파,2뿌리,주재료
225,고추장,1큰술,양념
225,간장,1/2큰술,양념
225,후춧가루,1/4작은술,양념
225,다진파,1큰술,양념
225,다진마늘,1/2큰술,양념
225,다진생강,1/2작은술,양념
225,참기름,1큰술,양념
225,설탕,1큰술,양념
224,소금,약간,양념
224,참기름,약간,양념
224,홍고추,1개,양념
224,표고버섯,1장,양념
224,돼지고기,300g,주재료
224,부추,50g,주재료
224,양파,1/4개,주재료
224,당근,30g,부재료
224,배춧잎,10장,주재료
224,간장,2큰술,양념
224,양파즙,2큰술,양념
224,다진파,2큰술,양념
224,다진마늘,2큰술,양념
224,생강즙,1/2작은술,양념
224,후춧가루,약간,양념
224,깨소금,약간,양념
224,청고추,1개,양념
223,밥,2그릇,주재료
223,참기름,약간,양념
223,오징어,1/2마리,주재료
223,조개살,100g,주재료
223,홍합,200g,주재료
223,양파,1개,부재료
223,당근,20g,부재료
223,호박,700g,부재료
223,대파,1뿌리,부재료
223,목이버섯,6장,부재료
223,고추가루,3큰술,양념
223,간장,1큰술,양념
223,다진마늘,약간,양념
223,생강,약간,양념
223,소금,약간,양념
223,후춧가루,약간,양념
223,돼기고기,150g,주재료
222,오징어,1마리,주재료
222,고추장,2큰술,양념
222,깨소금,약간,양념
222,설탕,1큰술,양념
222,식초,2큰술,양념
221,오곡곡물,2컵,주재료
221,상추,약간,주재료
221,깻잎,약간,주재료
221,치커리,약간,주재료
221,참기름,약간,부재료
221,된장,1/2컵,양념
221,깨소금,약간,양념
221,양파,1/2개,부재료
221,청고추,2개,부재료
221,홍고추,1개,부재료
221,대파,1/2뿌리,부재료
221,마늘,3쪽,양념
221,멸치,30g,부재료
221,고추장,1/4컵,양념
220,청고추,2개,부재료
220,양파,1/2개,부재료
220,멸치,20g,양념
220,다시마,2장,양념
220,다진마늘,1큰술,양념
220,밀가루,2컵,주재료
220,계란,1개,주재료
220,식용유,1작은술,부재료
220,물,약간,부재료
220,소금,약간,양념
220,간장,3큰술,양념
220,다진파,약간,양념
220,깨소금,1큰술,양념
220,고춧가루,약간,양념
220,참기름,약간,양념
220,김치,100g,주재료
220,감자,1개,주재료
220,대파,1뿌리,부재료
219,감자,300g,주재료
219,밀가루,210g,주재료
219,계란노른자,1개,주재료
219,사우어크라우트,300g,부재료
219,소금,약간,양념
219,버터,약간,부재료
219,넛맥,약간,양념
219,양파,1/2개,부재료
219,베이컨,100g,부재료
219,파슬리,약간,부재료
219,후춧가루,약간,양념
218,사골,500g,주재료
218,쇠고기,200g,주재료
218,물,20컵,부재료
218,무,1/4개,부재료
218,대파,1뿌리,부재료
218,다진마늘,1/2큰술,양념
218,생강,1쪽,부재료
218,후춧가루,약간,부재료
218,소금,약간,양념
218,진간장,1큰술,양념
218,다진파,1큰술,양념
218,마늘,3쪽,부재료
217,포도,800g,주재료
217,딸기,800g,주재료
217,사과,4개,주재료
217,설탕,1500g,부재료
216,계란,2개,주재료
216,두부,1/3모,주재료
216,청피망,1/4개,부재료
216,당근,1/8개,부재료
216,후춧가루,약간,양념
216,홍피망,1/4개,부재료
216,소금,약간,양념
216,토마토케첩,약간,양념
216,우유,2작은술,주재료
215,갑오징어,3마리,주재료
215,피망,4개,주재료
215,고추장,5큰술,양념
215,설탕,3큰술,양념
215,참기름,약간,양념
215,다진파,3큰술,양념
215,생강즙,1작은술,양념
215,꼬치,20개,부재료
215,깨소금,약간,양념
215,다진마늘,2큰술,양념
214,쇠고기,200g,주재료
214,가래떡,300g,주재료
214,꽃상추,4장,부재료
214,피망,1개,부재료
214,간장,3큰술,양념
214,참기름,약간,양념
214,다진파,1큰술,양념
214,다진마늘,1큰술,양념
214,후춧가루,약간,양념
214,깨소금,약간,양념
214,설탕,1큰술,양념
213,후춧가루,약간,양념
213,토마토케첩,1큰술,양념
213,맛술,1작은술,양념
213,고추장,1작은술,양념
213,돼지고기,200g,주재료
213,마늘,5톨,부재료
213,모짜렐라치즈,50g,주재료
213,양파,1/2개,부재료
213,표고버섯,2장,부재료
213,피망,1/2개,부재료
213,올리브오일,1큰술,부재료
213,소금,1/4작은술,양념
212,밀가루,2컵,주재료
212,육수,6컵,부재료
212,소금,1작은술,주재료
212,물,3/4컵,주재료
212,간장,2큰술,양념
212,고춧가루,1큰술,양념
212,깨소금,1큰술,양념
212,참기름,1/2큰술,양념
212,다진홍고추,1개,양념
212,다진풋고추,1개,양념
212,다진마늘,1/2큰술,양념
212,다진파,1큰술,양념
212,후춧가루,1/4작은술,양념
212,감자,1/2개,부재료
212,호박,1/2개,부재료
212,소금,1작은술,부재료
212,녹차분말,1작은술,주재료
211,닭,1마리,주재료
211,계란,1개,부재료
211,대파,1뿌리,부재료
211,홍고추,1/2개,부재료
211,간장,5큰술,부재료
211,참기름,약간,양념
211,꼬치,4개,양념
211,생강즙,1큰술,양념
211,청주,1큰술,양념
211,다시물,4큰술,부재료
211,설탕,2큰술,양념
210,우유,5컵,주재료
210,식초,1큰술,부재료
210,간장,2큰술,양념
210,다진양파,1큰술,양념
210,참기름,1/2큰술,양념
210,다진홍고추,1큰술,양념
210,다진청고추,1큰술,양념
209,돼지고기,200g,주재료
209,깻잎,9장,주재료
209,소금,1/4작은술,양념
209,식용유,약간,부재료
209,밀가루,2큰술,부재료
209,계란,1개,부재료
209,후춧가루,약간,양념
209,생강즙,2작은술,양념
208,닭,1/2마리,주재료
208,대파,1뿌리,양념
208,마늘,3쪽,양념
208,생강,1쪽,양념
208,물,6컵,부재료
208,도라지,50g,부재료
208,참기름,약간,양념
208,미나리,30g,부재료
208,밀가루,1과1/2큰술,부재료
208,계란,1개,부재료
208,쇠고기,150g,부재료
208,소금,약간,양념
208,말린표고버섯,2장,부재료
207,양상추,10장,주재료
207,물,3큰술,양념
207,부추,100g,주재료
207,고구마,1개,주재료
207,찹쌀가루,1/2컵,부재료
207,밀가루,1/2컵,부재료
207,얼음물,1컵,부재료
207,계란,1개,부재료
207,다진마늘,1작은술,양념
207,설탕,1작은술,양념
207,간장,1작은술,양념
207,참기름,약간,양념
207,후춧가루,약간,양념
207,식용유,적당량,부재료
207,고추장,2큰술,양념
207,토마토케첩,2큰술,양념
207,물엿,1큰술,양념
207,말린표고버섯,200g,주재료
206,게,2마리,주재료
206,고춧가루,약간,양념
206,오징어,1마리,주재료
206,모시조개,20개,주재료
206,양파,1개,부재료
206,풋고추,2개,부재료
206,홍고추,2개,부재료
206,미나리,100g,부재료
206,쑥갓,100g,부재료
206,무,200g,부재료
206,다진마늘,1큰술,양념
206,대파,1뿌리,부재료
206,생강즙,1작은술,양념
206,소금,약간,양념
206,대하,4마리,주재료
205,스파게티,80g,주재료
205,설탕,1작은술,양념
205,양송이버섯,3개,부재료
205,소금,약간,양념
205,식용유,약간,부재료
205,흰후춧가루,약간,양념
205,고추장,2큰술,주재료
205,양파,1/2개,양념
205,호두,20g,양념
205,물,1/2컵,양념
205,토마토케첩,2큰술,양념
205,식용유,1큰술,양념
205,다진마늘,1/2큰술,양념
205,김치,15g,부재료
205,호박,1/4개,부재료
204,양,150g,주재료
204,곱창,150g,주재료
204,고사리,100g,주재료
204,대파,4뿌리,부재료
204,소금,약간,양념
204,물,8컵,부재료
204,쇠고기,200g,주재료
204,고춧가루,1큰술,양념
204,진간장,1큰술,양념
204,다진마늘,2큰술,양념
204,참기름,1과1/2큰술,양념
204,깨소금,1큰술,양념
204,후춧가루,1/4작은술,양념
204,고추장,1큰술,양념
203,마늘,1쪽,부재료
203,무,60g,부재료
203,물,2와1/2컵,부재료
203,홍고추,1개,부재료
203,소금,약간,양념
203,명란,100g,주재료
203,두부,1/2모,부재료
203,생강즙,1작은술,양념
203,대파,약간,부재료
203,진간장,1작은술,양념
202,쇠고기,200g,주재료
202,무,200g,주재료
202,물,6컵,부재료
202,대파,1대,부재료
202,마늘,2쪽,부재료
202,실파,4뿌리,부재료
202,소금,약간,양념
202,진간장,1큰술,양념
202,다진파,1큰술,양념
202,다진마늘,1/2큰술,양념
202,참기름,1작은술,양념
202,후춧가루,약간,양념
202,국간장,2작은술,양념
201,생선살,150g,주재료
201,새우살,100g,주재료
201,김치,50g,주재료
201,풋고추,1개,부재료
201,홍고추,1/2개,부재료
201,식용유,적당량,부재료
201,밀가루,3큰술,부재료
201,녹말,3큰술,부재료
201,소금,1작은술,양념
201,후춧가루,약간,양념
201,깻잎,8장,부재료
201,계란,1개,부재료
200,청고추,600g,주재료
200,물,3컵,부재료
200,간장,2컵,양념
200,설탕,2컵,양념
200,소금,60g,부재료
200,생강,2개,양념
199,불린쌀,1컵,주재료
199,잣,1/2컵,주재료
199,소금,약간,양념
199,대추,1개,부재료
199,물,4컵,부재료
198,통후추,약간,양념
198,생새우,70g,주재료
198,콘프레이크,10g,부재료
198,계란흰자,1/2개,부재료
198,생크림,1큰술,양념
198,당근,15g,부재료
198,호박,15g,부재료
198,죽순,10g,부재료
198,만두피,12장,주재료
198,소금,약간,양념
197,왜된장,2와1/2큰술,주재료
197,맛국물,4컵,부재료
197,실파,4뿌리,부재료
197,미역,10g,주재료
197,두부,50g,주재료
196,모시조개,150g,주재료
196,죽순,1쪽,부재료
196,소금,약간,양념
196,레몬,1/4쪽,부재료
196,대파,1뿌리,부재료
195,어묵,150g,주재료
195,대파,1뿌리,부재료
195,홍고추,1개,부재료
195,청주,1큰술,양념
195,다시물,4컵,부재료
195,간장,2큰술,양념
195,맛술,1큰술,양념
195,소금,약간,양념
194,밥,2공기,주재료
194,계란,4개,주재료
194,말린 표고버섯,2개,부재료
194,당근,30g,부재료
194,미나리,10줄기,부재료
194,다시마,1조각,부재료
194,식용유,약간,부재료
194,오이,1/2개,부재료
194,식초,1큰술,양념
194,설탕,1큰술,양념
194,소금,1/2작은술,양념
194,소금,약간,부재료
193,찹쌀,2컵,주재료
193,멥쌀,1컵,주재료
193,팥,1/2컵,주재료
193,대추,4알,부재료
193,소금,1작은술,양념
193,밤,4톨,부재료
193,팥삶은물,2컵,부재료
192,김치잎,5장,주재료
192,깨소금,1작은술,양념
192,양배추,4장,주재료
192,근대잎,4장,주재료
192,밥,2공기,주재료
192,쇠고기,150g,부재료
192,소금,약간,양념
192,후춧가루,약간,양념
192,식용유,약간,부재료
192,간장,1큰술,양념
192,다진파,1큰술,양념
192,설탕,1/2큰술,양념
192,마늘,1/2큰술,양념
192,참기름,1작은술,양념
192,깻잎,4장,주재료
191,시금치,300g,주재료
191,말린새우,30g,주재료
191,소금,약간,양념
191,된장,3큰술,주재료
191,다진마늘,1큰술,양념
191,물,7컵,부재료
190,멥쌀,2컵,주재료
190,찹쌀,1/2컵,주재료
190,밤,10톨,부재료
190,물,적당량,부재료
190,대추,10알,부재료
190,잣,20g,부재료
190,송이버섯,2개,부재료
190,은행,10알,부재료
189,오이,4개,주재료
189,양파,1/2개,주재료
189,홍고추,2개,부재료
189,정향,4개,양념
189,통후추,5알,양념
189,월계수잎,2장,양념
189,통계피,10g,양념
189,통생강,1개,부재료
189,소금,5큰술,양념
189,물,4컵,양념
189,식초,3컵,양념
189,설탕,1컵,양념
189,당근,1/2개,부재료
189,[절임용 소금물] 소금,1컵,양념
189,물,5컵,주재료
188,오징어,1마리,주재료
188,쇠고기,100g,주재료
188,풋고추,1개,부재료
188,홍고추,1개,부재료
188,대파,1/3대,부재료
188,참기름,1/4작은술,양념
188,간장,1작은술,양념
188,후춧가루,약간,양념
188,고추장,2큰술,양념
188,고춧가루,1/2큰술,양념
188,마늘,2작은술,양념
188,물,3컵,부재료
187,양배추,100g,주재료
187,모시조개,1봉지,주재료
187,된장,4큰술,양념
187,멸치,한줌,양념
187,실파,1뿌리,부재료
187,물,6컵,양념
187,다시마,1장,양념
187,다진마늘,1큰술,양념
186,찬밥,1공기,주재료
186,옥수수,200g,주재료
186,소금,1/2작은술,양념
186,식용유,3컵,부재료
186,녹말가루,6큰술,부재료
186,물,1큰술,양념
186,설탕,1/2컵,양념
186,계란,1/2개,부재료
185,피망,1/2개,부재료
185,계란,1개,부재료
185,다진마늘,약간,양념
185,밀가루,5큰술,부재료
185,소금,약간,양념
185,당근,1/4개,부재료
185,참빛고운포도씨유,약간,부재료
185,김치,1/6포기,주재료
185,감자,1개,주재료
185,두부,1/4모,주재료
185,후춧가루,약간,양념
184,봄동,150g,주재료
184,바지락,100g,주재료
184,홍고추,1개,부재료
184,실파,3뿌리,부재료
184,식용유,2큰술,부재료
184,후춧가루,약간,양념
184,청주,1큰술,양념
184,물,1/2컵,양념
184,굴소스,1/2큰술,양념
184,소금,약간,양념
184,다진마늘,1큰술,양념
183,닭고기,200g,주재료
183,명란젓,2개,주재료
183,마요네즈,1큰술,양념
183,김,1/2장,부재료
183,계란,1개,부재료
183,당근,30g,부재료
183,식용유,약간,부재료
183,소금,약간,양념
183,후춧가루,약간,양념
183,녹말가루,약간,부재료
183,밀가루,약간,부재료
183,빵가루,약간,부재료
183,대파,1/2대,부재료
182,쑥,50g,주재료
182,표고버섯,3장,주재료
182,양송이,50g,주재료
182,다진마늘,1작은술,양념
182,느타리버섯,50g,주재료
182,설탕,약간,양념
182,소금,약간,양념
182,후춧가루,약간,양념
182,식용유,약간,부재료
182,간장,2작은술,양념
181,달래,50g,주재료
181,두부,1/2모,주재료
181,말린표고버섯,1장,주재료
181,홍고추,1개,부재료
181,청양고추,1개,부재료
181,바지락,약간,부재료
181,대파,1/4뿌리,부재료
181,된장,2큰술,양념
181,육수용멸치,한줌,양념
181,물,3컵,부재료
181,다진마늘,1작은술,양념
180,치커리,약간,주재료
180,케일,약간,주재료
180,겨자잎,약간,주재료
180,참기름,1/2큰술,양념
180,밥,2공기,주재료
180,소금,약간,부재료
180,흑임자,약간,부재료
180,건새우가루,1큰술,양념
180,된장,3큰술,양념
180,고추장,1큰술,양념
180,청고추,1/2개,양념
180,홍고추,1/2개,양념
180,설탕,1/2큰술,양념
180,참기름,약간,부재료
180,다진마늘,1/2큰술,양념
180,청경채,약간,주재료
179,쌀,2컵,주재료
179,물,1과 1/3컵,부재료
179,콩나물,500g,주재료
179,돼지고기,150g,부재료
179,참기름,2큰술,부재료
179,다진풋고추,1큰술,양념
179,취나물,150g,부재료
179,진간장,6큰술,양념
179,다진파,2큰술,양념
179,다진마늘,1½큰술,양념
179,깨소금,1큰술,양념
179,무,1/5개,주재료
178,찹쌀,2컵,주재료
178,팥,2/3컵,주재료
178,소금,1/2작은술,양념
178,밤,5톨,부재료
178,대추,5알,부재료
177,떡국떡,2컵,주재료
177,다시마,1장,부재료
177,다진마늘,약간,부재료
177,물,7컵,부재료
177,계란,1개,부재료
177,소금,약간,양념
177,대파,1/4뿌리,부재료
177,말린표고버섯,3장,부재료
177,간장,약간,양념
176,오징어,1마리,주재료
176,당근,1/2개,부재료
176,새우,4마리,주재료
176,조개살,150g,주재료
176,양파,1개,부재료
176,청피망,1개,부재료
176,홍피망,1개,부재료
176,당면,50g,주재료
176,간장,1큰술,양념
176,설탕,1작은술,양념
176,참기름,1큰술,양념
176,식용유,약간,부재료
176,소금,약간,양념
176,굴소스,1큰술,양념
176,낙지,1마리,주재료
175,다진쇠고기,400g,주재료
175,참기름,1작은술,양념
175,무,200g,부재료
175,당근,200g,부재료
175,밤,10톨,부재료
175,소금,1/2작은술,양념
175,후춧가루,1/4작은술,양념
175,깨소금,1/4작은술,양념
175,참기름,1/2작은술,양념
175,물,3컵,양념
175,간장,3큰술,양념
175,설탕,1과1/2큰술,양념
175,다진파,1큰술,양념
175,다진마늘,1/2큰술,양념
175,깨소금,1/2큰술,양념
175,두부,100g,주재료
174,물,7컵,부재료
174,다시마,1장,부재료
174,무,200g,부재료
174,국간장,2작은술,양념
174,소금,1작은술,양념
174,실파,약간,부재료
174,두부,1모,주재료
174,다진쇠고기,100g,주재료
174,소금,1/2작은술,양념
174,후춧가루,1/4작은술,양념
174,후춧가루,1/4작은술,양념
173,찹쌀,5컵,주재료
173,멥쌀,5컵,주재료
173,밀가루,적당량,부재료
173,팥,4컵,주재료
173,소금,2큰술,양념
173,물,10큰술,부재료
172,닭고기,1마리,주재료
172,물,4큰술,양념
172,후춧가루,1큰술,부재료
172,정종,1큰술,부재료
172,감자전분,5큰술,부재료
172,계란,1/2개,부재료
172,대파,1/2개,부재료
172,홍고추,2개,부재료
172,청고추,1개,부재료
172,생강,1쪽,부재료
172,마늘,3쪽,부재료
172,간장,3큰술,양념
172,설탕,2큰술,양념
172,식초,2큰술,양념
172,소금,1큰술,부재료
171,생강,10개,주재료
171,통계피,100g,주재료
171,물,20컵,주재료
171,잣,2큰술,부재료
171,곶감,10개,부재료
171,호두,10알,부재료
171,황설탕,280g,양념
170,멥쌀,10컵,주재료
170,참기름,약간,양념
170,쑥,20g,부재료
170,소금,2큰술,양념
169,가래떡,500g,주재료
169,쇠고기 육수,8컵,주재료
169,대파,1뿌리,부재료
169,쇠고기,100g,주재료
169,계란,1개,부재료
169,소금,약간,부재료
169,후춧가루,약간,양념
169,설탕,1/2큰술,양념
169,다진파,2작은술,양념
169,다진마늘,1작은술,양념
169,깨소금,1작은술,양념
169,참기름,1작은술,양념
169,간장,1큰술,양념
168,어묵,2개,주재료
168,닭고기,100g,주재료
168,표고버섯,1장,주재료
168,오이,1/4개,부재료
168,물,1컵,양념
168,후춧가루,약간,양념
168,녹말,약간,부재료
168,간장,2큰술,양념
168,청주,1큰술,양념
168,소금,약간,부재료
167,참기름,1큰술,양념
167,깨소금,1큰술,양념
167,설탕,약간,양념
167,소금,약간,양념
167,다진마늘,1/2큰술,양념
167,들기름,2큰술,양념
167,국간장,1큰술,양념
167,다진파,1큰술,양념
167,고구마줄기,25g,주재료
166,밀가루,150g,주재료
166,버터,150g,주재료
166,물,3큰술,주재료
166,삶은팥,1컵,주재료
166,소금,약간,양념
166,슈가파우더,약간,양념
166,설탕,50g,부재료
166,계란,1개,양념
166,아몬드가루,50g,양념
165,팥,300g,주재료
165,쌀,1과1/2컵,주재료
165,물,18컵,주재료
165,찬물,3/4컵,부재료
165,찹쌀,1과1/3컵,부재료
165,쌀가루,2/3컵,부재료
165,소금,약간,양념
164,찬밥,1공기,주재료
164,양파,1/4개,부재료
164,당근,30g,부재료
164,실파,2뿌리,부재료
164,식용유,약간,부재료
164,계란,1개,부재료
164,소금,약간,양념
164,후춧가루,약간,양념
164,날콩가루,약간,부재료
164,두부,50g,부재료
163,가래떡,1줄,주재료
163,고추장,1큰술,양념
163,간장,1작은술,양념
163,다진마늘,1작은술,양념
163,토마토케첩,1큰술,양념
163,브로콜리,약간,부재료
163,참기름,1작은술,양념
163,적파프리카,1/2개,부재료
163,꼬치,3개,양념
163,황파프리카,1/2개,부재료
163,설탕,2작은술,양념
162,누룽지,3조각,주재료
162,물,1과1/2큰술,부재료
162,죽순,30g,주재료
162,새우,100g,주재료
162,완두콩,2큰술,부재료
162,홍고추,2개,부재료
162,마늘,3쪽,부재료
162,소금,약간,부재료
162,식용유,2큰술,부재료
162,새우,1과1/2컵,양념
162,설탕,6큰술,양념
162,간장,3/4큰술,양념
162,식초,4큰술,양념
162,녹말,1과1/2큰술,부재료
162,표고버섯,2장,주재료
161,간장,2큰술,양념
161,후춧가루,⅛작은술,양념
161,깨소금,1/4작은술,양념
161,통깨,약간,부재료
161,깻잎,3장,부재료
161,다진파슬리,약간,부재료
161,샐러리,약간,부재료
161,오징어,2마리,주재료
161,쇠고기,70g,주재료
161,표고버섯,2장,부재료
161,당근,30g,부재료
161,두부,50g,주재료
161,당면,30g,주재료
161,피망,40g,부재료
161,양상추,30g,부재료
161,설탕,1/2큰술,양념
161,다진파,2큰술,양념
161,다진마늘,1큰술,양념
161,참기름,1큰술,양념
161,식초,2작은술,양념
160,닭,500g,주재료
160,식용유,약간,부재료
160,간장,1큰술,양념
160,청주,1큰술,양념
160,식용유,1큰술,양념
160,소금,약간,양념
160,생강즙,1작은술,양념
160,다진파,2큰술,양념
160,후춧가루,약간,양념
160,녹말가루,3큰술,부재료
160,튀김가루,3큰술,부재료
160,다진마늘,1큰술,양념
159,배추김치,1/8포기,주재료
159,식용유,약간,부재료
159,죽순,50g,주재료
159,양송이버섯,2개,주재료
159,피망,1/2개,부재료
159,마른고추,1개,부재료
159,대파,1/2뿌리,부재료
159,마늘,2톨,부재료
159,생강,1/3개,부재료
159,청주,1큰술,양념
159,소금,약간,양념
159,후추,약간,양념
159,참기름,약간,양념
159,간장,1작은술,양념
159,돼지고기,80g,주재료
158,고추장,1큰술,주재료
158,양파,1/4개,부재료
158,마늘,5톨,부재료
158,된장,3큰술,주재료
158,고춧가루,1큰술,양념
158,참기름,1작은술,양념
158,파,1/5뿌리,부재료
157,느타리버섯,800g,주재료
157,쇠고기,100g,주재료
157,배,1/4개,부재료
157,오이,1/2개,부재료
157,당근,1/2개,부재료
157,소금,약간,양념
157,후춧가루,약간,양념
157,참기름,2큰술,양념
157,통깨,약간,양념
157,간장,2큰술,양념
157,꿀,1큰술,양념
157,[쇠고기양념] 다진파,1작은술,양념
157,다진마늘,1/2작은술,양념
157,참기름,약간,양념
157,식용유,1큰술,부재료
157,설탕,1/2작은술,양념
157,간장,2/3큰술,양념
157,당면,100g,주재료
157,양파,1/2개,부재료
156,고등어,1마리,주재료
156,무,1/3개,주재료
156,대파,1/2뿌리,부재료
156,간장,2큰술,양념
156,고추장,1큰술,양념
156,고춧가루,1큰술,양념
156,물,2/3컵,양념
156,청주,1큰술,양념
156,다진파,3큰술,양념
156,다진마늘,2큰술,양념
156,생강즙,1큰술,양념
156,후춧가루,1/4작은술,양념
156,실고추,약간,양념
156,설탕,1큰술,양념
155,쇠고기,100g,주재료
155,후춧가루,약간,양념
155,팽이버섯,40g,주재료
155,실파,2뿌리,부재료
155,홍고추,3개,부재료
155,물,3컵,부재료
155,국간장,1작은술,양념
155,소금,약간,양념
155,간장,1큰술,양념
155,설탕,1작은술,양념
155,다진파,1작은술,양념
155,다진마늘,1/2큰술,양념
155,참기름,1큰술,양념
155,깨소금,1/2큰술,양념
155,목이버섯,5g,주재료
154,토란,300g,주재료
154,쇠고기,200g,주재료
154,다시마,15cm,부재료
154,무,200g,주재료
154,소금,약간,양념
154,국간장,1큰술,양념
154,다진마늘,1큰술,양념
154,후춧가루,약간,양념
154,참기름,약간,양념
154,대파,1/2뿌리,부재료
153,쇠고기(힘줄없는부위),150g,주재료
153,표고버섯,3장,주재료
153,도라지,100g,주재료
153,당근,1개,주재료
153,오이,1개,주재료
153,식용유/소금/참기름/잣가루,약간씩,부재료
153,후추,약간,양념
153,설탕,1큰술,양념
153,다진파,1큰술,양념
153,다진마늘,2작은술,양념
153,깨소금,2작은술,양념
153,참기름,1작은술,양념
153,진간장,2큰술,양념
152,석이버섯,4장,주재료
152,느타리버섯,200g,주재료
152,실고추,약간,부재료
152,간장,2작은술,양념
152,다진파,1큰술,양념
152,다진마늘,1/2큰술,양념
152,참기름,1작은술,양념
152,깨소금,1작은술,양념
152,후춧가루,약간,양념
152,포도씨유,약간,부재료
152,녹두,2컵,주재료
152,물,1과1/3컵,부재료
152,소금,1작은술,부재료
152,돼지고기,100g,주재료
152,숙주,100g,주재료
152,대파,1/4뿌리,부재료
151,멥쌀,2되,주재료
151,소금,2큰술,주재료
151,쑥,300g,주재료
151,대추,10알,주재료
151,솔잎,약간,주재료
151,참기름,약간,양념
151,계핏가루,약간,양념
151,소금,약간,부재료
151,깨,1/2컵씩,부재료
151,녹두,1/2컵씩,부재료
151,꿀,2큰술,양념
151,설탕,2큰술,양념
151,물,10컵,부재료
151,풋콩,1컵,부재료
150,배추,200g,주재료
150,무,1/4개,주재료
150,쇠고기,60g,주재료
150,물,8컵,부재료
150,대파,1/2뿌리,부재료
150,식용유,약간,부재료
150,후춧가루,약간,양념
150,된장,2큰술,부재료
150,소금,약간,부재료
150,다진파,1작은술,양념
150,다진마늘,1작은술,양념
150,참기름,1작은술,양념
150,깨소금,1작은술,양념
150,고추장,2작은술,부재료
149,돼지고기,300g,주재료
149,소금,¼작은술,양념
149,생강즙,2작은술,양념
149,붉은 고추,5개,주재료
149,꼬치, ,부재료
149,찹쌀가루,3큰술,부재료
149,후추,약간,양념
149,식용유,약간,부재료
149,무순,1봉,주재료
148,강력분,300g,주재료
148,드라이이스트,6g,주재료
148,설탕,30g,주재료
148,소금,5g,부재료
148,계란,1개,부재료
148,검은깨,1큰술,부재료
148,버터,45g,부재료
148,오렌지마멀레이드,100g,부재료
148,건포도,약간,부재료
148,계란노른자,½개,부재료
148,우유,½컵,부재료
148,우유,150ml,부재료
147,깻잎,10장,부재료
147,찹쌀가루,4큰술,부재료
147,참기름,1작은술,양념
147,통후추,약간,양념
147,소금,약간,양념
147,고춧가루,3큰술,양념
147,대파,1대,부재료
147,진간장,½큰술,양념
147,설탕,1작은술,양념
147,아귀,500g,주재료
147,미더덕,120g,주재료
147,콩나물,300g,주재료
147,미나리,50g,부재료
147,고추장,1큰술,양념
146,곱창,300g,주재료
146,밀가루,약간,부재료
146,대파,1뿌리,부재료
146,마늘,2쪽,양념
146,생강,1톨,양념
146,물,6컵,부재료
146,당근,⅓개,부재료
146,양배추,100g,부재료
146,양파,1개,부재료
146,표고버섯,4장,부재료
146,미나리,60g,주재료
146,우동면,100g,부재료
146,쑥갓,약간,주재료
146,소금,약간,양념
146,후추,약간,양념
146,고춧가루,1큰술,양념
146,고추장,1큰술,양념
146,간장,1큰술,양념
146,다진파,2큰술,양념
146,양,150g,주재료
145,햄,150g,주재료
145,다진마늘,1작은술,양념
145,베이컨,5장,부재료
145,김치,1/2포기,주재료
145,두부,1/3모,부재료
145,홍고추,2개,부재료
145,청고추,2개,부재료
145,깻잎,10장,부재료
145,스파게티,50g,부재료
145,쑥갓,약간,부재료
145,양송이버섯,2개,부재료
145,물,4컵,부재료
145,고춧가루,3큰술,양념
145,고추장,1작은술,양념
145,설탕,1큰술,양념
145,다진파,1큰술,양념
145,프랑크소시지,2개,주재료
144,감자,2개,주재료
144,당근,1개,부재료
144,양파,1개,부재료
144,샐러리,2대,부재료
144,양송이버섯,8개,부재료
144,후춧가루,약간,양념
144,물,6컵,부재료
144,월계수잎,1장,양념
144,버터,2큰술,부재료
144,소금,약간,양념
144,홀토마토,4개,주재료
143,시금치,70g,주재료
143,양송이버섯,4개,주재료
143,베이컨,4장,주재료
143,파마산치즈치즈,1큰술,부재료
143,후춧가루,약간,양념
143,레몬주스,1/2컵,양념
143,올리브오일,1과 1/2컵,양념
143,소금,약간,양념
143,레몬드레싱,4큰술,양념
142,다진양파,1작은술,양념
142,올리브오일,2큰술,양념
142,훈제연어,160g,주재료
142,케이퍼,약간,부재료
142,트레비스,30g,부재료
142,양파,30g,부재료
142,앤다이브,40g,주재료
141,사과,1개,주재료
141,자몽,1개,주재료
141,오렌지마요네즈,4큰술,양념
141,오이,1개,주재료
141,딸기,4개,주재료
141,샐러리,1대,주재료
140,컬리플라워,200g,주재료
140,오징어,1마리,주재료
140,소금,약간,부재료
140,마요네즈,3큰술,양념
140,머스터드,2작은술,양념
140,새우,8마리,주재료
139,양상추,50g,주재료
139,소금,약간,부재료
139,수삼,1뿌리,주재료
139,배,1/4개,부재료
139,밤,4개,부재료
139,대추,2개,부재료
139,오이,1/4개,부재료
139,머스터드,2작은술,양념
139,마요네즈,3큰술,양념
139,설탕,약간씩,부재료
139,후춧가루,약간,양념
139,레몬즙,1큰술,양념
139,설탕,1큰술,양념
139,요리술,약간,부재료
139,닭고기,100g,주재료
138,밥,4공기,주재료
138,다진마늘,약간,양념
138,느타리버섯,100g,주재료
138,표고버섯,3장,주재료
138,양송이버섯,3개,주재료
138,목이버섯,6장,주재료
138,팽이버섯,1/2봉지,주재료
138,양파,1/2개,부재료
138,당근,1/3개,부재료
138,미나리,3줄기,부재료
138,간장,2큰술,양념
138,들깨,1큰술,양념
138,육수,약간,양념
138,녹말,2큰술,양념
138,참기름,1작은술,양념
138,후춧가루,약간,양념
138,간장,2작은술,양념
138,설탕,1작은술,양념
138,청주,1~2큰술,양념
138,쇠고기,80g,주재료
137,식빵,4장,주재료
137,쇠고기,200g,주재료
137,양상추,4잎,부재료
137,토마토,1개,부재료
137,후춧가루,약간,양념
137,슬라이스치즈,4장,부재료
137,버터,2큰술,양념
137,겨자,2작은술,양념
137,소금,1/4작은술,양념
137,피클,4개,부재료
136,후루츠칵테일,50g,부재료
136,은박컵,1개,부재료
136,감자,2개,주재료
136,파슬리가루,약간,양념
136,우유,3큰술,부재료
136,설탕,4작은술,양념
136,계핏가루,1/2작은술,양념
136,버터,3큰술,부재료
135,유부,10장,주재료
135,계란,4개,주재료
135,물,1컵,부재료
135,간장,1작은술,양념
135,맛살,30g,부재료
135,설탕,1작은술,양념
135,소금,1작은술,양념
135,후춧가루,약간,양념
135,실파,12뿌리,부재료
135,소금,1작은술,양념
134,밥,300g,주재료
134,청피망,30g,부재료
134,당근,30g,부재료
134,식용유,약간,부재료
134,소금,약간,양념
134,간장,1큰술,양념
134,설탕,1/2큰술,양념
134,다진파,2작은술,양념
134,다진마늘,1작은술,양념
134,참기름,1작은술,양념
134,후춧가루,약간,양념
134,상추,2장,부재료
134,깨소금,약간,양념
134,파슬리,10g,부재료
134,토마토,1개,부재료
134,쇠고기,100g,주재료
133,닭고기,2마리,주재료
133,찹쌀,1/2컵,부재료
133,마늘,4쪽,부재료
133,대추,4개,부재료
133,후춧가루,약간,양념
133,대파,1뿌리,양념
133,생강,1쪽,부재료
133,물,8컵,부재료
133,소금,약간,양념
133,수삼,4뿌리,양념
132,스파게티,150g,주재료
132,생크림,3/4컵,주재료
132,햄,10g,부재료
132,베이컨,10g,부재료
132,바질,1/2작은술,양념
132,후춧가루,약간,양념
132,화이트와인,약간,부재료
132,버터,7g,양념
132,소금,약간,양념
132,우유,1컵,주재료
132,양파,5g,부재료
131,배,1/4쪽,주재료
131,잣가루,1작은술,주재료
131,오이,1/2개,부재료
131,잣,약간,주재료
131,상추,4장,부재료
131,쇠고기,30g,주재료
131,참기름,1작은술,양념
131,깨소금,1작은술,양념
131,후춧가루,1/2작은술,양념
131,설탕,1과1/2작은술,양념
131,계란노른자,1개,부재료
131,간장,2와1/2작은술,양념
130,두부,1/2모,주재료
130,홍고추,약간,부재료
130,간장,1과1/2큰술,양념
130,설탕,1/2큰술,양념
130,실고추,약간,양념
130,후춧가루,약간,양념
130,통깨,약간,부재료
130,참기름,약간,양념
130,물엿,1/2큰술,양념
129,골뱅이통조림,200g,주재료
129,소면,100g,부재료
129,대파,30g,부재료
129,양파,50g,주재료
129,당근,30g,부재료
129,샐러리,½대,부재료
129,고추장,3큰술,양념
129,고춧가루,3큰술,양념
129,식초,3큰술,양념
129,진간장,1큰술,양념
129,설탕,1과½큰술,양념
129,깨소금,1큰술,양념
129,참기름,1큰술,양념
129,다진마늘,2큰술,양념
129,오이,50g,주재료
128,쇠고기,300g,주재료
128,양파,1개,부재료
128,다진파,1큰술,양념
128,다진마늘,1/2큰술,양념
128,밀가루,약간,부재료
128,설탕,2큰술,양념
128,깨소금,약간,양념
128,참기름,1큰술,양념
128,후춧가루,1작은술,양념
128,간장,3큰술,양념
127,쇠고기,400g,주재료
127,팽이버섯,2봉지,주재료
127,당근,1토막,주재료
127,부추,150g,주재료
127,육수,5컵,부재료
127,물,4컵,부재료
127,맛술,2큰술,양념
127,술,3큰술,부재료
127,깨소금,4큰술,양념
127,된장,1큰술,양념
127,설탕,1큰술,양념
127,간장,2큰술,양념
127,다시마,15cm,부재료
126,가지,1개,주재료
126,마른새우,20g,주재료
126,식용유,1큰술,부재료
126,진간장,1작은술,양념
126,소금,약간,양념
126,다진마늘,1작은술,양념
126,참기름,1/2큰술,양념
126,깨소금,1/2큰술,부재료
126,다진파,1작은술,양념
125,식용유,약간,부재료
125,간장,2큰술,양념
125,설탕,2작은술,양념
125,미림,1큰술,양념
125,마른고추,1개,양념
125,녹말,1/3컵,부재료
125,물,1/2컵,양념
125,고등어,1마리,주재료
125,소금,1/2작은술,부재료
125,청주,1큰술,부재료
125,생강,1쪽,양념
124,도토리묵,1/2모,주재료
124,청포묵,1/2모,주재료
124,오이,1/2개,부재료
124,게맛살,1개,부재료
124,깨소금,1작은술,양념
124,설탕,1작은술,양념
124,식초,1큰술,양념
124,홍고추,1개,양념
124,참기름,1작은술,양념
124,간장,2큰술,양념
123,가는파,100g,주재료
123,양파,1/4개,주재료
123,돼지고기,80g,주재료
123,청주,1작은술,주재료
123,간장,1큰술,양념
123,생강,1쪽,부재료
123,참기름,1작은술,양념
123,마늘,2쪽,주재료
123,생강,1쪽,주재료
123,식용유,3큰술,주재료
123,후춧가루,약간,주재료
123,소금,1/2작은술,양념
123,굵은파,1/2뿌리,주재료
122,감자,1개,주재료
122,청고추,2개,부재료
122,홍고추,1개,부재료
122,식용유,2와1/2큰술,부재료
122,흰후춧가루,약간,양념
122,참기름,1큰술,양념
122,설탕,1작은술,양념
122,소금,1/2작은술,양념
122,간장,1큰술,양념
121,꽁치,2마리,주재료
121,소금,1/2작은술,부재료
121,실파,1뿌리,부재료
121,생강,1쪽,양념
121,설탕,2큰술,양념
121,청주,3큰술,양념
121,물,2큰술,양념
121,간장,4큰술,양념
120,계란,4개,주재료
120,국수,100g,주재료
120,새우,200g,부재료
120,게맛살,2개,부재료
120,치커리,약간,부재료
120,소금,약간,양념
120,다시물,1/2컵,양념
120,간장,2큰술,양념
120,맛술,1큰술,양념
120,와사비,약간,양념
120,무,약간,양념
120,미나리,약간,부재료
119,당근,1/8개,부재료
119,햄,30g,주재료
119,게맛살,2개,주재료
119,다진마늘,1큰술,부재료
119,대파,1/2뿌리,부재료
119,고춧가루,2큰술,양념
119,홍고추,1개,부재료
119,깨소금,약간,양념
119,라면,4개,주재료
119,배추김치,1/4포기,주재료
119,표고버섯,4개,주재료
119,콩나물,50g,주재료
119,청고추,1개,부재료
119,참기름,약간,양념
118,밥,800g,주재료
118,계란,2개,주재료
118,돼지고기,200g,주재료
118,당근,50g,부재료
118,식용유,약간,부재료
118,표고버섯,4장,부재료
118,대파,1뿌리,부재료
118,소금,약간,양념
118,후춧가루,약간,양념
118,양파,1개,부재료
117,두부,1모,주재료
117,미역,100g,주재료
117,양파,1/2개,부재료
117,통깨,1큰술,양념
117,간장,1/4컵,양념
117,참기름,1큰술,양념
117,설탕,1큰술,양념
117,홍고추,1/2개,부재료
116,양배추,4장,주재료
116,쇠고기,100g,주재료
116,돼지고기,100g,주재료
116,양파,1/4개,부재료
116,당근,1/4개,부재료
116,간장,1/2큰술,양념
116,소금,1/3작은술,양념
116,후춧가루,약간,양념
116,넛맥,1/5작은술,양념
116,빵가루,1/3컵,부재료
116,물,2컵,부재료
116,계란,1/2개,부재료
115,계란,4개,주재료
115,우유,2큰술,부재료
115,소금,1/3작은술,양념
115,토마토케첩,약간,양념
115,식용유,1큰술,부재료
115,버터,1큰술,부재료
115,후춧가루,약간,양념
114,두부,1모,주재료
114,배추김치,1/2포기,주재료
114,다진파,1큰술,양념
114,소금,약간,양념
114,깻잎,10장,부재료
114,깨소금,1큰술,부재료
114,참기름,1큰술,양념
114,다진마늘,1/2큰술,양념
113,소금,1큰술,부재료
113,양파,1개,부재료
113,호박,1/2개,부재료
113,대파,2뿌리,부재료
113,청고추,2개,부재료
113,홍고추,2개,부재료
113,낙지,2마리,주재료
113,고춧가루,1/2큰술,양념
113,간장,1큰술,양념
113,참기름,1/2큰술,양념
113,생강즙,약간,양념
113,설탕,1작은술,양념
113,깨소금,1큰술,양념
113,고추장,2큰술,양념
112,김치,200g,주재료
112,쇠고기,100g,주재료
112,표고버섯,5장,주재료
112,통도라지,100g,주재료
112,소금,약간,양념
112,계란,3개,부재료
112,식용유,3큰술,부재료
112,참기름,약간,양념
112,밀가루,1/2컵,부재료
111,꽁치,1통,주재료
111,무,50g,주재료
111,진간장,2큰술,양념
111,생강즙,약간,양념
111,식용유,1큰술,부재료
111,다진마늘,1작은술,양념
111,고춧가루,1/2큰술,양념
111,물,1/2컵,부재료
111,다진파,1큰술,양념
110,쌀,3컵,주재료
110,식초,3큰술,양념
110,설탕,1큰술,양념
110,소금,1작은술,양념
110,고추냉이,약간,양념
110,오징어,150g,주재료
110,문어,100g,주재료
110,새우,8마리,주재료
110,참치,150g,주재료
109,돼지갈비,600g,주재료
109,생강즙,2큰술,양념
109,술,2큰술,양념
109,진간장,5큰술,양념
109,다진파,2큰술,양념
109,깻잎,조금,부재료
109,고춧가루,1큰술,양념
109,설탕,2큰술,양념
109,깨소금,조금,부재료
109,상추,조금,부재료
109,다진마늘,1큰술,양념
108,부추,1단,주재료
108,청고추,2개,부재료
108,소금,약간,양념
108,밀가루,3컵,부재료
108,계란,1개,부재료
108,홍고추,2개,부재료
107,쇠고기,500g,주재료
107,진간장,4큰술,양념
107,배즙,4큰술,양념
107,설탕,2큰술,양념
107,참기름,1큰술,양념
107,다진마늘,1큰술,양념
107,깨소금,1큰술,부재료
107,후춧가루,약간,양념
107,다진파,3큰술,양념
106,메주콩,1컵,주재료
106,계란,4개,주재료
106,칵테일새우,4개,부재료
106,장식용어묵,10g,부재료
106,잣,약간,부재료
106,소금,약간,양념
106,새우젓,약간,양념
106,실파,약간,부재료
106,통깨,약간,부재료
106,은행,4알,부재료
105,물,6큰술,부재료
105,물,6큰술,양념
105,간장,2큰술,양념
105,당근,1/3개,부재료
105,설탕,2큰술,양념
105,식용유,2컵,부재료
105,죽순,1/4개,부재료
105,계란흰자,1개,부재료
105,표고버섯,3장,부재료
105,돼지고기,300g,주재료
105,녹말,1큰술,주재료
105,청피망,1개,양념
105,식초,2큰술,양념
105,녹말가루,2작은술,양념
105,홍피망,1개,주재료
104,애호박,1개,주재료
104,소금,약간,양념
104,밀가루,2큰술,부재료
104,식용유,3큰술,부재료
104,진간장,1큰술,양념
104,식초,1작은술,양념
104,쑥갓,약간,부재료
104,계란,2개,부재료
103,죽순,50g,주재료
103,쇠고기,50g,주재료
103,술,1작은술,양념
103,간장,1작은술,양념
103,녹말,1작은술,부재료
103,마늘종,30g,부재료
103,후춧가루,약간,양념
103,식용유,1큰술,부재료
103,참기름,1작은술,양념
103,다진마늘,1작은술,양념
103,생강즙,1작은술,양념
103,소금,약간,양념
102,마른오징어,2마리,주재료
102,물,2컵,부재료
102,참기름,1큰술,양념
102,청고추,5개,부재료
102,후춧가루,약간,양념
102,설탕,1큰술,양념
102,다진마늘,1큰술,양념
102,깨소금,약간,부재료
102,다진파,1큰술,양념
102,진간장,4큰술,양념
101,감자,3개,주재료
101,멸치,100g,주재료
101,꽈리고추,10개,주재료
101,깨소금,약간,부재료
101,진간장,3큰술,양념
101,물엿,1큰술,양념
101,청주,1큰술,양념
101,식용유,3큰술,부재료
100,더덕,200g,주재료
100,간장,1큰술,양념
100,참기름,1작은술,양념
100,고추장,2큰술,양념
100,물,2큰술,부재료
100,설탕,1큰술,양념
100,고춧가루,1/2큰술,양념
100,다진파,1큰술,양념
100,다진마늘,1작은술,양념
100,깨소금,1작은술,부재료
100,설탕,1큰술,양념
99,배추,1/4통,주재료
99,소금,5큰술,부재료
99,다진파,2큰술,양념
99,다진마늘,1큰술,양념
99,다진생강,1/2큰술,양념
99,참기름,약간,양념
99,진간장,1큰술,양념
99,새우젓,1큰술,양념
99,설탕,2큰술,양념
99,통깨,1작은술,부재료
99,고춧가루,1/4컵,양념
98,닭,1마리,주재료
98,진간장,4큰술,양념
98,마늘,2작은술,양념
98,후춧가루,약간,양념
98,깨소금,약간,부재료
98,고추장,2큰술,양념
98,물엿,2큰술,양념
98,술,3큰술,양념
98,녹말,4큰술,부재료
97,계란,4개,주재료
97,다진파,1큰술,부재료
97,다진마늘,1작은술,부재료
97,다시마,5cm,부재료
97,후춧가루,약간,양념
97,물,1컵,부재료
97,식용유,2큰술,부재료
97,소금,1작은술,양념
96,냉이,100g,주재료
96,모시조개,1컵,주재료
96,된장,3큰술,주재료
96,소금,약간,양념
96,대파,1뿌리,부재료
96,마늘,3쪽,부재료
96,물,10컵,부재료
96,다시마,10cm,양념
95,오이,2개,주재료
95,소금,2작은술,양념
95,다진파,1큰술,양념
95,실고추,약간,양념
95,깨소금,1/2큰술,부재료
95,참기름,1큰술,양념
95,다진마늘,1/2큰술,양념
94,실파,1단,주재료
94,굴,1/2컵,주재료
94,홍합,1/2컵,주재료
94,조갯살,1/2컵,주재료
94,멥쌀,1컵,주재료
94,계란,2개,부재료
94,식용유,약간,부재료
94,소금,약간,양념
94,밀가루,1컵,주재료
93,연근,300g,주재료
93,식용유,2큰술,부재료
93,통깨,1작은술,부재료
93,물,5큰술,양념
93,설탕,1큰술,양념
93,청주,1큰술,양념
93,진간장,3큰술,양념
92,쇠고기,400g,주재료
92,대파,1/2뿌리,부재료
92,마늘,1통,부재료
92,생강,1쪽,부재료
92,참기름,약간,양념
92,계란,4개,주재료
92,홍고추,2개,부재료
92,진간장,1컵,양념
92,설탕,1/4컵,양념
92,물,4컵,부재료
91,콩,2컵,주재료
91,설탕,1/2컵,양념
91,참기름,약간,양념
91,깨소금,약간,양념
91,물,1컵,양념
91,간장,1컵,양념
90,오이,10개,주재료
90,고추장,1/2컵,양념
90,홍고추,1개,부재료
90,실파,1뿌리,부재료
90,설탕,1작은술,양념
90,고춧가루,1/2큰술,양념
90,참기름,1작은술,양념
90,깨소금,1작은술,부재료
90,다진마늘,1큰술,양념
89,깻잎,100장,주재료
89,진간장,1컵,양념
89,고춧가루,2큰술,양념
89,실고추,5g,부재료
89,마늘,5쪽,양념
89,생강,1쪽,양념
89,깨소금,2큰술,부재료
89,파,2뿌리,양념
88,실고추,5g,양념
88,미나리,1/2단,부재료
88,[절임용소금물] 소금,3컵,양념
88,물,12컵,양념
88,말린표고버섯,2개,양념
88,통생강,1개,양념
88,[국물용 소금물] 소금,6큰술,양념
88,물,30컵,양념
88,배추,5포기,주재료
88,무,2개,부재료
88,밤,10개,부재료
88,배,3개,부재료
88,대추,10개,부재료
88,다진마늘,4큰술,양념
88,석이버섯,약간,양념
88,대파,2뿌리,부재료
88,잣,2큰술,양념
87,실파,2단,주재료
87,까나리액젓,1컵,양념
87,다진마늘,1과 1/2작은술,양념
87,깨소금,2큰술,양념
87,고춧가루,1컵,양념
87,설탕,2큰술,양념
87,소금,약간,부재료
87,다진생강,1작은술,양념
86,부추,4단,주재료
86,다진마늘,3큰술,양념
86,생강,1/2쪽,양념
86,소금,약간,양념
86,멸치젓,1/2컵,양념
86,고춧가루,1/2컵,양념
86,설탕,1큰술,양념
86,홍고추,3개,부재료
85,쇠고기,800g,주재료
85,무,400g,주재료
85,물,10컵,부재료
85,후추,약간,양념
85,다진파,2큰술,양념
85,다진마늘,1큰술,양념
85,참기름,1작은술,양념
85,국간장,3큰술,양념
84,쇠고기,600g,주재료
84,무,400g,주재료
84,당면,100g,주재료
84,대파,2뿌리,부재료
84,통마늘,6쪽,부재료
84,후추,약간,양념
84,국간장,3큰술,양념
84,다진파,1큰술,양념
84,청주,1큰술,양념
84,참기름,약간,양념
84,소금,약간,양념
83,도가니,1/2개,주재료
83,쇠고기,400g,주재료
83,물,20컵,부재료
83,생강,1/2큰술,양념
83,소금,1큰술,양념
83,파,2뿌리,부재료
83,후추,약간,양념
83,고추가루,4큰술,양념
83,다진마늘,3큰술,양념
83,진간장,2큰술,양념
83,생강,1작은술,양념
83,소금,1큰술,양념
83,다진파,4큰술,양념
82,양지머리,600g,주재료
82,파,1뿌리,부재료
82,마늘,1통,부재료
82,밀국수,100g,부재료
82,도가니,1개,주재료
82,후추,약간,양념
82,물,20컵,부재료
82,소 잡뼈,300g,주재료
82,사골,1개,주재료
82,소금,약간,양념
81,쇠고기,400g,주재료
81,양,600g,주재료
81,무,400g,주재료
81,대파,2뿌리,부재료
81,마늘,8쪽,부재료
81,국간장,4큰술,양념
81,참기름,약간,양념
81,후추,약간,양념
81,국수,100g,부재료
81,다진파,1큰술,양념
81,다진마늘,1큰술,양념
81,진간장,4큰술,양념
81,소금,약간,양념
80,밥,4공기,주재료
80,콩나물,300g,주재료
80,김치,200g,부재료
80,다진마늘,1큰술,부재료
80,실파,1뿌리,부재료
80,새우젓,약간,양념
80,청고추,2개,부재료
80,깨소금,1큰술,부재료
80,김,2장,부재료
80,계란,4개,부재료
80,쇠고기육수,2컵,부재료
80,장조림,80g,부재료
79,선지,400g,주재료
79,우거지,100g,주재료
79,콩나물,40g,주재료
79,된장,2큰술,양념
79,고추장,1큰술,양념
79,참기름,조금,양념
79,진간장,4큰술,양념
79,고춧가루,1큰술,양념
79,다진마늘,1큰술,양념
79,다진파,4큰술,양념
79,깨소금,조금,양념
79,다진마늘,3큰술,양념
78,낙지,2마리,주재료
78,소금,약간,양념
78,쇠고기,80g,주재료
78,두부,1/4모,부재료
78,실파,5뿌리,부재료
78,표고버섯,3장,부재료
78,홍고추,2개,부재료
78,쑥갓,약간,부재료
78,계란,1개,부재료
78,밀가루,약간,부재료
78,소금,약간,양념
78,식용유,약간,부재료
78,물,4컵,부재료
78,간장,2큰술,양념
78,다진파,2큰술,양념
78,다진마늘,1작은술,양념
78,깨소금,약간,양념
78,참기름,약간,양념
78,설탕,약간,양념
78,새우,60g,주재료
77,진간장,2큰술,양념
77,다진마늘,1큰술,양념
77,후춧가루,조금씩,양념
77,식용유,약간,부재료
77,국수,400g,주재료
77,쇠고기,200g,주재료
77,고춧가루,2큰술,양념
77,애호박,1/2개,부재료
77,느타리버섯,100g,부재료
77,양파,1개,부재료
77,대파,2뿌리,부재료
77,물,8컵,양념
77,소금,약간,양념
77,배추,100g,부재료
76,쇠고기,200g,주재료
76,물,6컵,양념
76,팽이버섯,1봉,주재료
76,표고버섯,3장,주재료
76,당근,1/4개,부재료
76,느타리버섯,2묶음,주재료
76,양파,1/2개,부재료
76,대파,1뿌리,부재료
76,어묵,30g,부재료
76,곤약,30g,부재료
76,무,30g,부재료
76,국수,200g,부재료
76,쑥갓,약간,부재료
76,다시마,1장,양념
76,청주,1큰술,양념
76,소금,약간,양념
76,간장,3큰술,양념
76,식초,3큰술,양념
76,청주,3큰술,양념
76,배춧잎,5장,주재료
75,우거지,300g,주재료
75,배춧잎,200g,주재료
75,된장,4큰술,주재료
75,마늘,2쪽,양념
75,생강,1/3개,양념
75,간장,1/2큰술,양념
75,쇠고기,100g,부재료
75,청고추,2개,부재료
75,홍고추,1개,부재료
75,대파,1뿌리,부재료
75,쌀뜨물,9컵,부재료
75,식용유,1큰술,부재료
74,명란,8개,주재료
74,깨소금,약간,양념
74,무,1/4개,주재료
74,콩나물,70g,부재료
74,대파,1뿌리,부재료
74,홍고추,1개,부재료
74,쑥갓,2줄기,부재료
74,물,4컵,부재료
74,간장,2큰술,양념
74,다진파,1큰술,양념
74,다진마늘,1큰술,양념
74,청주,1큰술,양념
74,소금,약간,양념
74,후춧가루,약간,양념
74,고춧가루,2큰술,양념
74,[쇠고기양념] 간장,1작은술,양념
74,설탕,1/2작은술,양념
74,다진마늘,약간,양념
74,다진파,약간,양념
74,쇠고기,50g,주재료
73,물,10컵,부재료
73,소금,약간,양념
73,조기,2마리,주재료
73,무,100g,부재료
73,고추가루,3큰술,양념
73,대파,1뿌리,부재료
73,마늘,3쪽,양념
73,생강,1쪽,양념
73,간장,3큰술,양념
73,양파,1개,부재료
72,아구,1마리,주재료
72,콩나물,50g,주재료
72,고사리,약간,부재료
72,미나리,한줌,부재료
72,싸리버섯,2개,부재료
72,깻잎,5장,부재료
72,물,10컵,부재료
72,홍고추,3개,부재료
72,대파,3뿌리,부재료
72,된장,4큰술,양념
72,다진마늘,1큰술,양념
72,고춧가루,약간,양념
72,후춧가루,약간,양념
72,청고추,3개,부재료
71,돼지고기,1kg,주재료
71,감자,4개,주재료
71,대파,2뿌리,부재료
71,물,6컵,부재료
71,마늘,4쪽,양념
71,청정원맛선생,약간,양념
71,간장,1큰술,양념
71,고춧가루,1큰술,양념
71,술,1/2큰술,양념
71,소금,조금,양념
71,후춧가루,조금,양념
71,생강,1쪽,양념
70,꽃게,2마리,주재료
70,애호박,1/2개,부재료
70,무,1/3개,부재료
70,느타리버섯,20g,부재료
70,청고추,1개,부재료
70,홍고추,1개,부재료
70,후춧가루,약간,양념
70,고추장,2큰술,양념
70,고춧가루,2큰술,양념
70,다진마늘,1/2큰술,양념
70,다진생강,1작은술,양념
70,국간장,2큰술,양념
70,소금,약간,양념
70,대파,1/2뿌리,부재료
69,갓,2단,주재료
69,무,300g,부재료
69,소금,1컵,양념
69,실파,1단,부재료
69,고춧가루,1과1/2컵,양념
69,물,1컵,부재료
69,생강,1/2쪽,양념
69,멸치젓,1/2컵,양념
69,깨소금,2큰술,부재료
69,밀가루,3큰술,부재료
69,마늘,5쪽,양념
68,실파,1/2단,부재료
68,마늘,5쪽,양념
68,대파,5개,부재료
68,배주머니,5개,부재료
68,갓,1/2단,주재료
68,무,10개,주재료
68,고추,20개,주재료
68,소금,3컵,양념
68,물,10컵,부재료
67,무,2개,주재료
67,굴,1컵,주재료
67,소금,조금,양념
67,고춧가루,1컵,양념
67,미나리,1/2단,부재료
67,설탕,1큰술,양념
67,갓,1단,부재료
67,마늘,5쪽,양념
67,새우젓,1/2컵,양념
67,소금,1큰술,양념
67,실파,1/2단,부재료
66,총각무,1단,주재료
66,소금,2컵,양념
66,대파,2뿌리,부재료
66,고추가루,1/2컵,양념
66,다진마늘,5큰술,양념
66,다진생강,2큰술,양념
66,소금,2컵,양념
66,새우젓,1/4컵,양념
66,설탕,3큰술,양념
66,찹쌀가루,3큰술,부재료
66,물,1컵,부재료
66,[절임용 소금물] 물,10컵,양념
66,멸치젓,1/4컵,양념
65,배추,1/2포기,주재료
65,미나리,30g,주재료
65,홍고추,2개,주재료
65,생강,1/2쪽,양념
65,물,20컵,부재료
65,대파,2뿌리,부재료
65,마늘,5쪽,양념
65,소금,1컵,양념
65,고춧가루,1/2컵,양념
65,무,1개,부재료
64,오이,10개,주재료
64,소금,약간,양념
64,고춧가루,1컵,양념
64,부추,1단,주재료
64,다진파,1큰술,부재료
64,물,10컵,양념
64,다진생강,1작은술,부재료
64,설탕,1큰술,양념
64,진간장,3큰술,양념
64,청주,1큰술,양념
64,[절임용 소금물] 소금,2컵,양념
64,다진마늘,1큰술,부재료
63,열무,2단,주재료
63,풋배추,1단,주재료
63,소금,1/2컵,양념
63,실파,50g,부재료
63,밀가루,2큰술,부재료
63,홍고추,13개,부재료
63,마늘,10쪽,양념
63,생강,1쪽,양념
63,물,18컵,부재료
63,청고추,3개,부재료
62,멸치젓,2컵,주재료
62,생강,3쪽,양념
62,깨소금,1/2컵,양념
62,소금,3컵,양념
62,배추,10포기,주재료
62,소금,5컵,양념
62,고춧가루,5컵,양념
62,물,1컵,부재료
62,무,1개,주재료
62,갓,1/2단,주재료
62,미나리,1단,주재료
62,실파,1단,부재료
62,배,1개,부재료
62,대파,5뿌리,부재료
62,마늘,10쪽,양념
62,설탕,1큰술,양념
61,해파리,300g,주재료
61,게맛살,8개,주재료
61,오이,1개,주재료
61,토마토,2개,부재료
61,다진마늘,3큰술,양념
61,참기름,1큰술,양념
61,육수,1/2컵,양념
61,설탕,3큰술,양념
61,간장,1/2큰술,양념
61,소금,1큰술,양념
61,식초,1/2컵,양념
60,쌀,2와1/2컵,주재료
60,고춧가루,약간,양념
60,청주,1작은술,부재료
60,소금,약간,부재료
60,식초,4큰술,양념
60,설탕,3큰술,양념
60,다진쇠고기,20g,주재료
60,표고버섯,2장,주재료
60,멸치,10g,주재료
60,단무지,10g,주재료
60,간장,약간,양념
60,물엿,약간,양념
60,김치,20g,주재료
60,후춧가루,약간,양념
60,깨소금,약간,양념
60,참기름,약간,양념
60,다시마,1장,부재료
59,유부,5장,주재료
59,우엉,1/3뿌리,주재료
59,쇠고기,30g,주재료
59,당근,1/4개,부재료
59,후춧가루,조금,양념
59,간장,2큰술,양념
59,청주,1큰술,양념
59,설탕,1큰술,양념
59,밥,1공기,부재료
58,통북어,2마리,주재료
58,콩나물,40g,주재료
58,두부,1/2모,주재료
58,계란,2개,부재료
58,대파,1뿌리,부재료
58,홍고추,1개,부재료
58,소금,약간,양념
58,후춧가루,약간,양념
58,참기름,약간,양념
58,물,8컵,부재료
58,다진마늘,2작은술,양념
57,간장,3큰술,양념
57,고춧가루,1/2큰술,양념
57,참기름,1/2큰술,양념
57,깨소금,1/2큰술,양념
57,흰콩,1과1/2컵,주재료
57,소금,약간,양념
57,돼지고기,200g,주재료
57,배춧잎,4장,주재료
57,다진파,3큰술,양념
57,다진마늘,2큰술,양념
57,식용유,약간,부재료
57,물,1과1/2컵,부재료
56,배추김치,1/4포기,주재료
56,돼기고기,120g,주재료
56,가래떡,1컵,주재료
56,대파,1뿌리,부재료
56,생강즙,1/2작은술,양념
56,참기름,1작은술,양념
56,육수,4컵,부재료
56,고춧가루,3큰술,양념
56,다진마늘,1큰술,양념
55,동태,1마리,주재료
55,무,300g,주재료
55,애호박,1/2개,부재료
55,두부,1/2모,부재료
55,청고추,3개,부재료
55,홍고추,3개,부재료
55,소금,약간,양념
55,물,5컵,부재료
55,고추장,4큰술,양념
55,고춧가루,1큰술,양념
55,다진마늘,2큰술,양념
55,다진생강,1작은술,양념
55,대파,1뿌리,부재료
54,순두부,800g,주재료
54,돼기고기,100g,부재료
54,바지락,200g,부재료
54,배추김치,200g,부재료
54,양파,1/2개,부재료
54,대파,1/2뿌리,부재료
54,물,3컵,부재료
54,다진마늘,1큰술,양념
54,계란,4개,부재료
54,소금,약간,양념
54,후춧가루,약간,양념
54,식용유,약간,부재료
54,고춧가루,2큰술,양념
53,청국장,1컵,주재료
53,쇠고기,100g,주재료
53,무,1/6개,주재료
53,배추김치,1/4포기,부재료
53,물,4컵,부재료
53,대파,1/2뿌리,부재료
53,다진마늘,1큰술,양념
53,김칫국물,약간,양념
53,소금,약간,양념
53,두부,1/2모,부재료
52,대파,1/2뿌리,부재료
52,소금,약간,양념
52,파슬리,약간,부재료
52,고추장,1과1/2큰술,양념
52,간장,1과1/2큰술,양념
52,물엿,3큰술,양념
52,청주,1큰술,양념
52,다진마늘,1큰술,양념
52,생강즙,1/2큰,양념
52,깨소금,1큰술,부재료
52,참기름,1큰술,양념
52,홍합,100g,주재료
52,청주,1큰술,양념
51,돼기고기,600g,주재료
51,젓국,2큰술,양념
51,생강,1쪽,양념
51,배추,1/2포기,부재료
51,무명실,약간,부재료
51,새우젓,2큰술,주재료
51,고춧가루,1/2큰술,양념
51,다진파,1큰술,양념
51,다진마늘,1작은술,양념
51,깨소금,약간,부재료
51,참기름,약간,양념
51,무,200g,주재료
51,굴,50g,주재료
51,미나리,15g,부재료
51,갓,20g,부재료
51,실파,5뿌리,부재료
51,고춧가루,3큰술,양념
51,된장,2큰술,양념
50,쇠고기,1.2kg,주재료
50,대파,2대,부재료
50,당근,1개,주재료
50,표고버섯,8장,주재료
50,밤,8개,주재료
50,계란,1개,부재료
50,홍고추,2개,부재료
50,은행,8알,부재료
50,잣,1큰술,부재료
50,간장,1컵,양념
50,설탕,1/2컵,양념
50,청주,4큰술,양념
50,배,1/2개,양념
50,다진파,4큰술,양념
50,다진마늘,2큰술,양념
50,깨소금,약간,양념
50,참기름,약간,양념
50,후춧가루,약간,양념
50,무,1/2개,주재료
49,계란,1개,부재료
49,당근,1/2개,부재료
49,통마늘,3톨,양념
49,육수,2컵,부재료
49,버터,2큰술,부재료
49,샐러리,2대,부재료
49,쇠고기,50g,부재료
49,양파,1/2개,부재료
49,밀가루,1/2컵,부재료
49,월계수잎,2장,양념
49,돼기고기,400g,주재료
49,레드와인,3큰술,양념
49,토마토케찹,5큰술,양념
49,빵가루,3컵,부재료
49,식용유,3컵,부재료
49,소금,약간,양념
49,후춧가루,약간,양념
48,육수,1/4컵,양념
48,간장,1/4컵,양념
48,마늘,3쪽,양념
48,양파,1/2개,양념
48,상추,약간,부재료
48,깻잎,약간,부재료
48,생강즙,1작은술,양념
48,월계수잎,3장,양념
48,갈비,1.2kg,주재료
48,배즙,4큰술,양념
48,양파즙,2큰술,양념
48,물엿,2큰술,양념
48,설탕,2큰술,양념
48,통깨,약간,양념
48,참기름,약간,양념
48,후춧가루,약간,양념
48,청주,2큰술,양념
48,대파,1/2뿌리,양념
47,대구살,300g,주재료
47,후춧가루,조금씩,양념
47,식용유,3컵,부재료
47,육수,1컵,부재료
47,목이버섯,30g,주재료
47,양파,1/2개씩,부재료
47,당근,1/2개씩,부재료
47,피망,1개,부재료
47,파인애플,1쪽,부재료
47,식초,2큰술,양념
47,설탕,3큰술,양념
47,계란,1개,부재료
47,녹말,4큰술,부재료
47,청주,1큰술,양념
47,토마토케첩,1큰술,양념
47,마늘,1쪽,양념
47,간장,1작은술,양념
47,소금,조금씩,양념
47,생강즙,1작은술,주재료
46,오징어,2마리,주재료
46,고추장,2큰술,양념
46,다진파,2큰술,양념
46,다진마늘,1큰술,양념
46,물엿,1큰술,양념
46,깨소금,1작은술,양념
46,참기름,1/2큰술,양념
46,간장,1큰술,양념
46,설탕,1큰술,양념
46,고춧가루,1/2큰술,양념
46,생강즙,1/2큰술,양념
45,마늘,10통,주재료
45,물,15컵,부재료
45,간장,1/2컵,주재료
45,식초,5컵,양념
45,소금,1/2컵,양념
44,양배추잎,8장,주재료
44,후춧가루,약간,양념
44,밤,8개,주재료
44,양파,1/2개,주재료
44,육수,1컵,부재료
44,녹말,1작은술,부재료
44,물,1작은술,부재료
44,무명실,8개,부재료
44,소금,약간,양념
44,간장,1큰술,양념
44,깨소금,1큰술,양념
44,청주,1큰술,양념
44,다진파,2큰술,양념
44,다진마늘,1큰술,양념
44,참기름,1/2큰술,양념
44,파슬리가루,약간,부재료
44,쇠고기,300g,주재료
43,다진마늘,약간,양념
43,다진파,약간,양념
43,콩나물,400g,주재료
43,쇠고기,100g,주재료
43,표고버섯,4장,주재료
43,양파,1/2개,부재료
43,당근,1/2개,부재료
43,미나리,1단,부재료
43,계란,2개,부재료
43,소금,약간,양념
43,깨소금,약간,양념
43,참기름,2큰술,양념
43,식용유,2큰술,부재료
43,진간장,2큰술,양념
43,설탕,2작은술,양념
43,후춧가루,약간,양념
42,칼국수면,300g,주재료
42,팥,3컵,주재료
42,설탕,약간,양념
42,소금,약간,양념
42,물,15컵,부재료
41,다시마,1장,주재료
41,두부,1모,부재료
41,표고버섯,5장,부재료
41,당근,1/4개,부재료
41,고추,2개,부재료
41,양념간장,2큰술,양념
41,깨소금,1큰술,양념
41,소금,1작은술,양념
41,참기름,1작은술,양념
41,후춧가루,약간,양념
41,초고추장,2큰술,양념
41,들깨가루,1큰술,양념
40,닭,1마리,주재료
40,간장,5큰술,양념
40,고추장,2큰술,부재료
40,고춧가루,1과1/2큰술,양념
40,후춧가루,약간,양념
40,마늘,3쪽,부재료
40,생강즙,1큰술,양념
40,깨소금,약간,양념
40,대파,1뿌리,부재료
39,갈치,1마리,주재료
39,무,1/4개,주재료
39,감자,1개,부재료
39,홍고추,1개,부재료
39,대파,1/2뿌리,부재료
39,물,약간,양념
39,참기름,약간,양념
39,고추장,1큰술,양념
39,고춧가루,1큰술,양념
39,마늘,2톨,양념
39,생강,1/2개,양념
39,설탕,2큰술,양념
39,깨소금,약간,양념
39,간장,4큰술,양념
38,잔멸치,1컵,주재료
38,당근,1/2개,부재료
38,청고추,4개,부재료
38,청주,약간,양념
38,깨소금,2큰술,양념
38,간장,1큰술,양념
38,설탕,약간,양념
38,식용유,4큰술,부재료
37,간장,1큰술,양념
37,소금,약간,양념
37,두부,1모,주재료
37,참빛고운포도씨유,5큰술,양념
37,바질,20장,주재료
37,다진양파,1큰술,부재료
37,식초,3큰술,양념
37,토마토,2개,주재료
36,우엉,400g,주재료
36,간장,4큰술,양념
36,물,약간,양념
36,깨소금,1큰술,양념
36,소금,약간,양념
36,물엿,2큰술,양념
35,콩나물,600g,주재료
35,다진파,1큰술,양념
35,다진마늘,1과1/2작은술,양념
35,후춧가루,약간,양념
35,참기름,1큰술,양념
35,실고추,약간,양념
35,소금,약간,양념
35,깨소금,2큰술,양념
34,상추잎,10장,주재료
34,두부,1/2모,주재료
34,깨소금,1작은술,양념
34,꿀,1작은술,양념
34,파프리카,1/2개,부재료
34,레몬즙,1작은술,양념
34,연겨자,약간,양념
34,적양배추잎,5장,주재료
34,당근,1/4개,부재료
34,소금,약간,양념
33,부추,1단,주재료
33,돼지고기,100g,부재료
33,표고버섯,4장,주재료
33,대파,1뿌리,부재료
33,식용유,약간,양념
33,간장,1큰술,양념
33,청주,1큰술,양념
33,소금,약간,양념
33,생강,1/2쪽,양념
32,죽순,2개,주재료
32,표고버섯,8장,주재료
32,대파,1뿌리,부재료
32,식용유,2큰술,양념
32,물,조금,부재료
32,후춧가루,약간,양념
32,다진파,1큰술,양념
32,다진마늘,1/2큰술,양념
32,참기름,1/2큰술,양념
32,설탕,1/2큰술,양념
32,소금,약간,양념
32,간장,3큰술,양념
31,물,10컵,부재료
31,팥,2컵,주재료
31,날콩가루,4큰술,부재료
31,밀가루,4컵,주재료
31,소금,약간,양념
30,마늘,3톨,양념
30,간장,1큰술,양념
30,물엿,1큰술,주재료
30,토마토케첩,4큰술,주재료
30,설탕,1큰술,양념
30,양파,1개,부재료
30,후춧가루,약간,양념
30,식용유,4큰술,양념
30,쇠고기,400g,주재료
30,양송이버섯,200g,주재료
30,피망,4개,부재료
30,소금,약간,양념
29,쇠고기,600g,주재료
29,생강즙,1큰술,양념
29,실파,1단,주재료
29,느타리버섯,300g,주재료
29,마늘,약간,양념
29,후춧가루,약간,양념
29,꼬치,8개,양념
29,참기름,약간,양념
29,깨소금,약간,양념
29,설탕,1큰술,양념
29,꿀,1큰술,양념
29,다진파,2큰술,양념
29,다진마늘,3큰술,양념
29,배즙,3큰술,양념
29,햇살담은간장,1큰술,양념
28,도미,300g,주재료
28,감자,1개,주재료
28,방울토마토,50g,주재료
28,바질,10g,양념
28,블랙올리브,40g,부재료
28,그린올리브,10g,부재료
28,스위트마조람,20g,부재료
28,올리브오일,50g,양념
28,화이트와인,50g,양념
28,계란노른자,적량,부재료
28,오레가노,20g,부재료
28,케이퍼,15g,부재료
27,재첩,10컵,주재료
27,소금,약간,양념
27,물,4컵,부재료
27,부추,20g,부재료
26,삶은 문어살,80g,주재료
26,소스, ,양념
26,꼴뚜기,80g,주재료
26,중새우살,6개,주재료
26,쭈꾸미,4개,주재료
26,참소라살,60g,주재료
26,모시조개,10개,주재료
26,가리비,2개,주재료
26,검은껍질홍합,10개,주재료
26,가재새우,2개,주재료
26,양파,60g,부재료
26,샐러리,40g,부재료
26,당근,40g,부재료
26,루콜라,40g,부재료
26,트레비소,4잎,부재료
26,갑오징어,80g,주재료
25,오이,2개,주재료
25,파,1작은술,양념
25,다진마늘,1작은술,양념
25,간장,3큰술,양념
25,식초,3큰술,양념
25,설탕,1큰술,양념
25,소금,약간,양념
25,고춧가루,약간,양념
25,물,10컵,주재료
25,대파,1대,부재료
25,홍고추,1개,부재료
25,물,4컵,부재료
25,깨소금,약간,양념
24,연어,6조각,주재료
24,후춧가루,약간,양념
24,레몬즙,40g,양념
24,소금,약간,양념
24,양파,1/2개,부재료
24,차이브,4개,부재료
24,올리브오일,60g,양념
24,방울토마토,4개,부재료
24,페스토소스,만드는법 참조,양념
24,모듬채소,약간,부재료
24,양송이버섯,4개,부재료
23,생태,1마리,주재료
23,미나리,50g,부재료
23,콩나물,50g,부재료
23,무,1/4개,부재료
23,후춧가루,약간,양념
23,마늘,2쪽,양념
23,쌀뜨물,10컵,부재료
23,소금,약간,양념
23,홍고추,1개,부재료
22,불린미역,2컵,주재료
22,오이,1/2개,부재료
22,대파,1/2뿌리,양념
22,다진마늘,1/2작은술,양념
22,물,10컵,부재료
22,소금,약간,양념
22,고춧가루,약간,양념
22,간장,2큰술,양념
22,깨소금,약간,양념
21,미역,2컵,주재료
21,다진쇠고기,150g,주재료
21,마늘,1큰술,양념
21,물,10컵,부재료
21,후춧가루,약간,양념
21,국간장,2큰술,양념
21,참기름,2큰술,양념
21,식용유,약간,부재료
20,쇠고기,120g,주재료
20,무,400g,주재료
20,실파,20g,부재료
20,마늘,1작은술,양념
20,물,5컵,부재료
20,소금,1큰술,양념
20,참기름,약간,양념
20,후춧가루,약간,양념
20,국간장,1큰술,양념
19,두부,1/2모,주재료
19,콩나물,50g,부재료
19,모시조개,200g,주재료
19,북어,30g,주재료
19,홍고추,1개,부재료
19,후춧가루,약간,양념
19,밀가루,1큰술,부재료
19,계란,1개,부재료
19,마늘,1큰술,양념
19,소금,약간,양념
19,실파,3뿌리,부재료
18,파,1뿌리,부재료
18,다진마늘,1큰술,양념
18,고추장,1큰술,양념
18,참기름,1작은술,양념
18,쇠고기,100g,주재료
18,소금,조금,양념
18,후춧가루,조금,양념
18,두부,1모,주재료
18,진간장,조금,양념
17,다시마,2장,주재료
17,오이,1/2개,부재료
17,홍고추,1개,부재료
17,다진파,1/2작은술,양념
17,물,5컵,부재료
17,소금,약간,양념
17,고춧가루,약간,양념
17,깨소금,약간,양념
17,다진마늘,1/4작은술,양념
16,김치,1/2포기,주재료
16,참기름,1큰술,양념
16,표고버섯,4장,부재료
16,두부,1/2모,부재료
16,만두피,40장,주재료
16,육수,7컵,부재료
16,쇠고기,40g,주재료
16,다진파,1큰술,양념
16,다진마늘,1큰술,양념
16,소금,약간,양념
16,후춧가루,약간,양념
16,깨소금,약간,양념
16,간장,1큰술,양념
16,설탕,1큰술,양념
16,숙주,150g,주재료
15,국수,400g,주재료
15,돼지고기,100g,부재료
15,녹말,1큰술,양념
15,계란흰자,1개,양념
15,오징어,1/2마리,주재료
15,새우,100g,주재료
15,소금,약간,양념
15,표고버섯,2개,부재료
15,죽순,2개,부재료
15,파,약간,부재료
15,다진마늘,약간,양념
15,멸칫국물,8컵,양념
15,청주,약간,양념
15,홍합,100g,주재료
14,국수,200g,주재료
14,표고버섯,3장,주재료
14,오이,1/2개,주재료
14,계란,1개,부재료
14,깻잎,15장,부재료
14,쇠고기,100g,부재료
14,양념장,적당량,양념
14,상추,6장,부재료
14,부추,1/3단,주재료
13,열무,1/2단,주재료
13,찹쌀가루,2큰술,양념
13,냉면,500g,주재료
13,홍고추,1개,부재료
13,청고추,1개,부재료
13,대파,약간,부재료
13,물,1컵,양념
13,다진생강,1/2작은술,양념
13,고춧가루,4큰술,양념
13,식초,4큰술,양념
13,설탕,4큰술,양념
13,겨자,약간,양념
13,다진마늘,1작은술,양념
12,설탕,1/4작은술,양념
12,통후추,약간,양념
12,국수,400g,주재료
12,쇠고기,100g,주재료
12,동치미무,1/4개,주재료
12,간장,1큰술,양념
12,홍고추,1개,부재료
12,소금,약간,양념
12,깨소금,약간,양념
12,참기름,1/2큰술,양념
12,동치미국물,8컵,부재료
12,계란,1개,부재료
11,냉면,400g,주재료
11,쇠고기,300g,부재료
11,동치미국물,1개,주재료
11,오이,1개,부재료
11,배,1개,부재료
11,동치미무,1개,부재료
11,식초,2큰술,양념
11,설탕,1큰술,양념
11,소금,약간,양념
11,쇠고기육수,4컵,주재료
11,계란,2개,부재료
10,밀가루,4컵,주재료
10,감자,2개,주재료
10,애호박,1/2개,부재료
10,멸치,10마리,양념
10,실파,2뿌리,부재료
10,소금,약간,양념
10,물,1컵,양념
10,양념장,적당량,양념
10,국간장,약간,양념
10,참기름,약간,양념
10,홍고추,1개,부재료
9,계란,3개,주재료
9,양파,1/4개,부재료
9,물,3컵,양념
9,당근,1/3개,부재료
9,쌈장,3큰술,양념
9,후춧가루,약간,양념
9,다시마,1장,양념
9,밥,2공기,주재료
9,청피망,1/2개,부재료
9,홍피망,1/2개,부재료
9,오이,1/3개,부재료
9,전분,약간,부재료
9,멸치,한 줌,양념
9,소금,약간,양념
8,쇠고기,200g,부재료
8,감자,2개,부재료
8,양파,1개,부재료
8,당근,1/2개,부재료
8,통후추,약간,양념
8,카레,70g,주재료
8,우유,1/2컵,양념
8,밥,4공기,주재료
8,소금,약간,양념
8,완두콩,4큰술,부재료
7,쌀,1컵,주재료
7,흑임자,1/2컵,주재료
7,설탕,약간,양념
7,소금,약간,양념
7,물,6컵,양념
6,물,10컵,양념
6,설탕,약간,양념
6,찹쌀,2컵,주재료
6,청동호박,1/2개,주재료
6,팥,1컵,부재료
6,소금,약간,양념
5,찹쌀,3컵,주재료
5,흑설탕,1컵,양념
5,계핏가루,1/2큰술,양념
5,깐밤,200g,부재료
5,대추,50g,부재료
5,물,4컵,양념
5,물엿,적당량,양념
5,식물성기름,3큰술,양념
5,흰설탕,1컵,양념
5,간장,1/3컵,양념
5,잣,1큰술,부재료
4,쌀,2컵,주재료
4,콩나물,300g,주재료
4,쇠고기,100g,주재료
4,파,1/2개,양념
4,마늘,2쪽,양념
4,통후추,약간,양념
4,깨소금,1큰술,양념
4,고춧가루,조금,양념
4,진간장,4큰술,양념
4,소금,약간,양념
4,참기름,1큰술,양념
3,당면,50g,주재료
3,통후추,약간,양념
3,표고버섯,2장,주재료
3,호박,1/4개,부재료
3,당근,1/2개,부재료
3,부추,30g,주재료
3,청고추,약간,부재료
3,홍고추,약간,부재료
3,다진파,2큰술,양념
3,다진마늘,1큰술,양념
3,진간장,4큰술,양념
3,참기름,1큰술,양념
3,소금,약간,양념
3,밥,3공기,부재료
3,돼지고기,100g,주재료
2,멥쌀,1컵,주재료
2,찹쌀,2컵,주재료
2,수수,1컵,부재료
2,소금,약간,양념
2,콩,1/2컵,부재료
2,팥,1/2컵,부재료
2,차조,1컵,부재료
1,쌀,4컵,주재료
1,양지머리,100g,부재료
1,콩나물,20g,주재료
1,청포묵,1/2모,주재료
1,미나리,20g,주재료
1,소금,약간,양념
1,국간장,약간,양념
1,다진파,약간,양념
1,다진마늘,약간,양념
1,참기름,약간,양념
1,고추장,1/2큰술,부재료
1,설탕,약간,양념
1,숙주,20g,주재료
1,도라지,20g,주재료
1,고사리,20g,주재료
1,계란,1개,주재료
1,안심,200g,주재료
